market_cap_inr,price_inr,ema20,ema50,ema200,rsi14,avg_volume_20,return_3m,volume_breakout,latest_data_date,symbol
39519256576.0,810.7999877929688,846.896757466226,815.9888104126686,745.3579655087033,43.67988576937576,525228.45,0.22569915010274944,False,2026-09-29,63MOONS
39008796672.0,428.6000061035156,427.9384691338441,419.65958169289064,406.5023207958021,51.80930656495326,201591.65,0.11483936141146245,True,2026-09-29,AARTIDRUGS
85198217216.0,972.7999877929688,875.8492694370336,824.4598917151554,757.1970576086371,70.25032221241298,799499.55,0.3952954256462333,False,2026-09-29,AARTIPHARM
200006729728.0,716.5,659.9251316833199,635.4896533648194,578.5726139371078,73.37328184313549,1083982.0,0.06471504124079086,False,2026-09-29,ABDL
312816467968.0,437.95001220703125,426.1052549592987,402.38477130176005,333.4110028630271,60.25111849040259,2786070.5,0.1136681810731881,False,2026-09-29,ACMESOLAR
318547558400.0,294.25,294.4794776110104,283.3248735504246,253.7794028392175,51.400666949835134,1979286.35,0.25356795192698045,False,2026-09-29,AEGISVOPAK
69566283776.0,539.5999755859375,522.291929741876,497.79050038723335,381.01031453286913,56.64760548473918,1266254.6,0.12792638476223628,False,2026-09-29,AEROFLEX
158513086464.0,495.25,502.14395724171635,499.43152876544156,475.61828398057474,44.16610909679381,307697.95,0.05585761195797212,True,2026-09-29,AGARWALEYE
51974639616.0,792.9000244140625,780.6069753102719,747.4524944708097,704.6125115177053,54.90064614632829,208797.05,0.12836204730341794,False,2026-09-29,AGI
475226537984.0,541.7999877929688,544.5301864220951,541.0998122152218,522.3354895343758,49.22280785742869,519434.6,0.03594643937470132,False,2026-09-29,AIIL
69533474816.0,591.6500244140625,579.7187841495077,575.1183340431353,567.6340273986884,56.07725915463366,165815.75,0.08809199892241382,False,2026-09-29,AJAXENGG
125474791424.0,819.5499877929688,787.9437620070969,746.3494752750962,621.8273570459301,62.34722102811531,311213.3,0.2856694205016268,False,2026-09-29,AKUMS
27354968064.0,108.44000244140625,103.91380197228752,99.01839330830431,95.42669630214814,63.67896428737991,2834409.3,0.16214773634852642,False,2026-09-29,ALEMBICLTD
222188027904.0,602.2999877929688,609.1943823941667,601.8507794596131,570.3839276559422,47.36998051113836,2905006.05,0.12024543930666165,False,2026-09-29,ANANTRAJ
14380846080.0,72.31999969482422,70.5212060341199,66.92560182410838,66.58640741644778,58.24056896311527,3734550.95,0.14484726596647413,False,2026-09-29,ANDHRAPAP
12931432448.0,94.4000015258789,95.47113696906491,94.02533358382038,86.85755054702716,46.819857559259425,371001.65,0.1258199552026693,False,2026-09-29,ANDHRSUGAR
40876244992.0,1162.5,1089.5017716631428,977.4479968832006,778.2440792712663,59.17359807026849,4474540.45,0.4375811103726024,False,2026-09-29,ANTELOPUS
490713219072.0,869.75,898.8115883804463,877.2191666389923,793.5154904949067,42.09235264090843,905111.65,0.12610866510375773,False,2026-09-29,ANTHEM
31075870720.0,595.4500122070312,604.1430030765324,594.9742075509266,502.98802521687173,46.017529478811376,113731.4,0.1383101510185556,False,2026-09-29,APCOTEXIND
169781395456.0,861.5,837.2517261382809,823.7775750840772,814.6557169534685,63.20341823304625,218087.6,0.05279239013988701,True,2026-09-29,APLLTD
147004768256.0,402.6000061035156,396.9235546053388,393.49377923851773,337.40964082381254,52.873855269661604,7930804.9,-0.08406320717919535,False,2026-09-29,APOLLO
15237326848.0,88.16000366210938,88.24475348046577,87.76725640237264,78.8676411590071,50.36356471984601,1305801.2,-0.047330853793875916,False,2026-09-29,ARFIN
10231221248.0,90.58000183105469,84.72873965068064,80.15125218482216,78.90874250379849,64.7819782729363,1116786.6,0.3097165563147688,False,2026-09-29,ARIHANTCAP
11474857984.0,135.0,134.09700371420706,131.23873387577663,130.47304375279853,51.619583011953296,1661554.5,0.24423963133640547,False,2026-09-29,ARIS
13666654208.0,872.5,850.0412569909652,783.0584610740831,646.5036241426673,59.3361669060589,62365.05,0.37553210908271084,False,2026-09-29,ARROWGREEN
143927771136.0,545.4500122070312,551.3076748765451,544.1958979734012,467.4832293107366,47.83027659392581,635271.6,-0.03970068273409988,False,2026-09-29,ARVIND
244717371392.0,957.9500122070312,956.4398708232372,939.3217168079805,900.6660560968505,51.7633317210331,146747.9,0.07774094450027125,True,2026-09-29,ASAHIINDIA
39174537216.0,390.54998779296875,373.5273890552978,370.3901720377991,350.1960926040857,61.53167739161723,88898.6,0.015074692119476873,False,2026-09-29,ASHIANA
23700443136.0,478.25,488.0771412371125,459.0501789225317,375.9846172453946,48.44051613205585,468559.45,0.3780435580516375,False,2026-09-29,ASIANENE
16812413952.0,361.3500061035156,372.8862918250264,350.0763096197242,321.28258115604115,47.297858646058515,27116.3,0.2599373134017078,False,2026-09-29,ASIANHOTNR
127186550784.0,619.8499755859375,633.4942727197902,603.108266058149,518.0652767929358,47.434490715470794,286582.05,0.3609615961634356,True,2026-09-29,ASKAUTOLTD
17069965312.0,220.30999755859375,222.41150413251515,221.789401466409,203.06102756135186,45.956731776747176,94325.25,-0.032497514106053504,False,2026-09-29,AURUM
15944671232.0,793.4500122070312,763.8911337612857,712.0691646246395,557.3217985555754,58.48099098392873,125652.9,0.6274228942119442,False,2026-09-29,AVADHSUGAR
80001024000.0,585.7999877929688,613.3602342441256,610.9934957843643,565.0807783677392,36.9817222320667,205549.45,-0.08518777211329487,False,2026-09-29,AVL
14098453504.0,92.19999694824219,89.67941246934356,84.4551584055378,74.33503796044096,55.68831979498377,588551.95,0.31245547257284256,False,2026-09-29,AVTNPL
17280698368.0,285.95001220703125,286.39528998045967,272.2298669064028,232.87317590781177,51.523293822729954,161206.45,0.15334981911998402,False,2026-09-29,AYMSYNTEX
145113563136.0,672.9000244140625,676.457891007293,655.7402400643687,573.6027194422038,49.83542075712489,2101492.8,0.18635403725705513,False,2026-09-29,BALRAMCHIN
239776301056.0,240.52000427246094,238.75701440416768,235.85054275624717,209.25077248486312,53.00071470807718,3115187.5,0.009739745398581467,False,2026-09-29,BELRISE
31463176192.0,124.0,126.73500623465476,122.56471451582368,108.33672138876771,46.415090701943576,1433157.15,0.21117408992565934,False,2026-09-29,BEPL
17221994496.0,377.8500061035156,328.32408557343325,279.23448109512134,215.4547447443443,70.58515395611613,259773.3,0.7061771635892204,False,2026-09-29,BHAGERIA
14254406656.0,408.1000061035156,415.96309759924463,397.7577428245683,298.6951109445751,48.7382665061078,202210.15,0.04694720083025361,False,2026-09-29,BHAGYANGR
1458810519552.0,413.3500061035156,422.12430328030973,417.7075760181469,362.0413181205701,44.79155191164163,5872107.1,0.028361720488299547,False,2026-09-29,BHEL
13555913728.0,1000.7000122070312,989.3988230706626,912.1977068041896,810.1443449155054,57.301351418213066,24382.75,0.33098363330684166,False,2026-09-29,BIL
10873500672.0,368.95001220703125,357.7222015454138,313.31113722768384,223.2701420135283,56.304186280448555,517720.3,0.8815340868856896,False,2026-09-29,BIRLACABLE
109153099776.0,622.4000244140625,606.09181177121,591.9505095803895,574.3967711210965,57.424000903384396,861430.65,0.13030054811374603,False,2026-09-29,BLACKBUCK
29421780992.0,321.1000061035156,319.2435402984913,305.8868385529727,245.8588572423028,54.43949668472812,307054.8,0.27087786531078084,False,2026-09-29,BLSE
98988048384.0,549.5999755859375,572.136955402898,570.3969197826442,541.7680472353948,37.00157250637165,409738.15,-0.032735016229314295,True,2026-09-29,BLUEJET
123643805696.0,806.0499877929688,833.2226581855541,795.1835655813009,654.2790326888144,46.65457418621027,1765380.1,0.4123882434762596,False,2026-09-29,BLUESTONE
21695746048.0,143.11000061035156,132.74757948189043,124.04379336406282,98.11265577058978,60.774639550836696,541341.9,0.19417560900828823,False,2026-09-29,BLUSPRING
142785970176.0,149.6199951171875,151.86500799685325,150.70970631140503,143.26185870427489,44.61015176647418,849531.55,0.054999205966313136,True,2026-09-29,CANHLIFE
199476314112.0,199.8300018310547,193.37024820503314,189.9258343983308,188.7114023344187,66.17224613597801,3597725.95,0.08338305848347738,True,2026-09-29,CASTROLIND
66912088064.0,377.54998779296875,372.6219742660819,359.28504944502316,328.75856513379904,57.440909263915856,520701.3,-0.020622599758835958,False,2026-09-29,CEIGALL
12475593728.0,549.5,567.4254956367281,564.106207246208,517.0150124855791,41.77893612156559,622666.6,0.030473511486169613,False,2026-09-29,CENTENKA
244098465792.0,246.89999389648438,258.2802204956828,249.40470185425676,216.63416864599066,42.33269516306754,4007894.05,0.08403582653350461,False,2026-09-29,CGCL
193010466816.0,840.75,870.4655408308241,860.0154481882977,840.4349098794393,40.61540264579931,162560.5,0.004360320774717152,True,2026-09-29,CHALET
16491312128.0,1097.699951171875,1125.5605551587407,1086.4847190111946,868.8438245522339,45.99903134690265,20891.45,0.4779856377138254,False,2026-09-29,CNL
11409942528.0,261.95001220703125,288.6636558279353,267.2621169350814,200.71990773402746,34.74576670095284,668238.6,0.4026023769102389,True,2026-09-29,COMSYN
29330239488.0,87.19000244140625,85.89759970903694,81.50877847284983,65.66031709276956,54.20334015973514,3923479.85,0.12619483988027103,False,2026-09-29,CONFIPET
223491883008.0,214.91000366210938,225.23080039037572,222.2299630299591,204.79761211264167,40.1333833344156,2150869.45,-0.01326905118987376,False,2026-09-29,CUB
363058397184.0,288.0,272.70239176787766,258.369047946285,173.1301151752938,58.754578600024864,19005702.85,0.4995314155001842,True,2026-09-29,CUPID
113960058880.0,1055.300048828125,1060.2118752727615,1004.6175495261443,998.6310161893086,51.91451152344176,382590.2,0.19995455589316302,False,2026-09-29,CYIENT
73920004096.0,921.1500244140625,892.6674955598974,797.4531491383093,579.4046546751078,58.47891325862667,631226.0,0.952209415065639,False,2026-09-29,CYIENTDLM
34702725120.0,412.20001220703125,416.5028375393267,413.3198926632618,374.9204164940218,47.686704726432986,249000.0,0.22806500730685308,False,2026-09-29,DALMIASUG
68975296512.0,202.3699951171875,214.92875318455958,207.58839642885854,186.54794698588447,37.435228089108975,1491488.4,0.04589378971482416,False,2026-09-29,DCBBANK
50124517376.0,653.5,659.67614998477,649.8785741911325,516.0084436302099,49.03905485177151,233185.35,-0.07866909453444926,False,2026-09-29,DEEDEV
49990397952.0,782.5,748.7969584232808,686.1404001807996,550.0705482897097,61.05838747779051,504702.2,0.7243279441360182,False,2026-09-29,DEEPINDS
166471532544.0,130.72000122070312,137.3170476321484,133.81228638501858,130.07244768578363,38.112650528913825,1652195.85,0.14365702301433836,False,2026-09-29,DEVYANI
11232417792.0,171.8000030517578,166.49272793101562,162.25480654258251,147.88344611168884,55.74418159146821,676229.2,0.21045594248856414,False,2026-09-29,DHAMPURSUG
15980998656.0,448.1499938964844,437.98730825792626,421.8665646226193,364.4717018436705,56.13157057047355,350546.85,0.07599038150416426,False,2026-09-29,DIFFNKG
1690637828096.0,653.0,661.1552225249535,657.5445983356823,651.6772104036495,46.696865515270694,3737143.0,-0.007900352644471864,False,2026-09-29,DLF
27501148160.0,650.75,656.4471144759267,586.3236363124563,472.044558825543,52.326012589151716,80758.25,0.7254408339685936,False,2026-09-29,DOLPHIN
10148421632.0,287.6499938964844,284.784942596451,274.81139634547674,269.33430237390644,53.75250369261454,13555.75,0.20054251489546893,False,2026-09-29,DVL
22143176704.0,433.8999938964844,455.43858163341935,440.91380662709815,385.7882034257271,43.35779363926249,611296.5,0.1897449393288475,False,2026-09-29,DYCL
76273704960.0,674.7999877929688,663.4815532721559,622.143212225012,490.0276585845671,55.33691749865944,865436.4,-7.407245280754982e-05,False,2026-09-29,EBGNG
129513930752.0,137.77000427246094,134.27421753284602,128.9483900979653,119.24275239827261,57.212402849721016,10164890.55,0.11212469589120633,False,2026-09-29,EDELWEISS
190090608640.0,594.8499755859375,609.2921796049133,605.4147241061721,564.824635532952,42.17867683234539,372906.3,0.0014309353298611605,False,2026-09-29,ELGIEQUIP
77034397696.0,191.7100067138672,187.746012545617,173.71051055156684,140.8287056957934,56.276279145360576,3510679.8,0.40036534157062764,False,2026-09-29,EMIL
53611343872.0,627.1500244140625,599.3590898413202,553.2033783865343,536.7226383609626,59.64744833136271,2262754.25,0.4352900947326501,False,2026-09-29,EMUDHRA
177408671744.0,310.20001220703125,284.8759055607738,265.8359802005159,235.06069483181184,68.93619313248008,6088741.0,0.32445242865306145,False,2026-09-29,ENGINERSIN
24692836352.0,243.32000732421875,238.62520449470819,237.22894476338314,232.06399109375388,53.90670366181536,642953.8,-0.057739236447226006,False,2026-09-29,EPACKPEB
3083806703616.0,327.8500061035156,328.25827383352555,316.76692122118044,288.3501139621065,52.17761516140488,17889954.5,0.17214870144819372,True,2026-09-29,ETERNAL
22390454272.0,152.97000122070312,164.18948670604124,162.63608302845816,148.0538146040561,39.220868254980296,1555031.7,-0.10898178153124727,False,2026-09-29,EXICOM
70429007872.0,57.939998626708984,55.16171895819827,49.918294622519454,37.61570309482785,59.700078057703195,25807072.5,0.4524943472860661,False,2026-09-29,FCL
47487602688.0,112.0,94.96742820245355,83.80800534401897,63.83837907622774,75.42929082111756,6829794.85,1.1365891627663411,False,2026-09-29,FILATEX
14720687104.0,1157.699951171875,1077.40508088207,1060.9235236244322,957.339732358298,63.795217223095385,37523.2,-0.017149225590886497,True,2026-09-29,GALAPREC
25610178560.0,273.54998779296875,264.598770828984,249.41557492157358,197.29430056558002,60.2595334327226,661016.95,0.46408688265154696,False,2026-09-29,GANDHAR
10905889792.0,966.5499877929688,931.3381605759133,906.8683050115769,858.9456112417291,61.77391394444334,23386.5,0.12631819646328246,False,2026-09-29,GANDHITUBE
75530993664.0,753.8499755859375,788.7492497329445,778.5796391207938,734.0938824973529,38.0611080899182,42317.7,0.04317435842774997,False,2026-09-29,GARFIBRES
16456292352.0,176.55999755859375,178.63055072915006,178.4162485598104,175.49186249758185,46.933813966841996,1124606.3,-0.01059119877820236,False,2026-09-29,GARUDA
15346522112.0,666.25,614.2652024222539,564.0613269647124,438.2634941636745,75.09689238151422,701673.2,0.5497790403793918,False,2026-09-29,GCSL
22751244288.0,76.76000213623047,80.04383555765287,79.54262741371144,76.32193078382086,40.95419474220905,341884.95,-0.019793072030215964,False,2026-09-29,GEOJITFSL
13297893376.0,132.27000427246094,131.0337733496528,124.73972865296807,103.10876877219705,53.53807879900021,562291.25,0.2710936707257061,False,2026-09-29,GHCLTEXTIL
28845328384.0,181.55999755859375,188.73399714158813,182.94559872292172,169.01685334170176,41.382668648504215,445178.65,0.1515919912554733,False,2026-09-29,GIPCL
26516209664.0,593.75,569.5570587221677,542.6168142199335,455.96534031072304,60.92524654949687,875316.9,0.2641047148584932,False,2026-09-29,GNA
92616712192.0,611.5,593.7153793489787,571.5356650297825,525.6190397108013,59.85480761404065,1266733.3,0.14480945811204782,False,2026-09-29,GNFC
126568210432.0,631.7000122070312,648.8567719125386,623.8767135515242,608.8543577230454,46.08640908186039,342039.9,0.13973840722964592,False,2026-09-29,GODREJAGRO
52415471616.0,528.5999755859375,512.4554720207124,495.6347728706999,443.71209170599377,60.9200930076601,589329.45,0.06379549623431258,False,2026-09-29,GOODLUCK
13232982016.0,153.8000030517578,159.33209054016663,157.23738616687606,149.35679630989208,39.61906630006235,123899.95,0.02492340099968149,False,2026-09-29,GPTHEALTH
236950208512.0,866.75,864.3762237941984,852.4365758808935,746.1036762135542,51.16869158143111,1490485.15,0.04971537748103616,False,2026-09-29,GRANULES
160344752128.0,801.5499877929688,791.7975511060868,749.2751903466441,677.1798644128193,55.616249170108965,3778364.9,0.27645508752486925,False,2026-09-29,GRAPHITE
54741258240.0,234.99000549316406,207.73996516229704,204.98888903859034,195.819306153866,74.38202942604457,2338971.0,0.01714066023802463,False,2026-09-29,GREAVESCOT
42494709760.0,436.5,428.0222088285474,415.0924958855853,370.28583041756485,56.08419054409311,122020.85,0.10688472992040521,False,2026-09-29,GUFICBIO
54273261568.0,406.5,412.197758272414,400.2765907984094,371.9971335566063,48.65764097865439,666167.1,0.026515151515151603,False,2026-09-29,GUJTHEM
54798503936.0,1105.800048828125,1090.329747496379,1088.5412362845243,1074.6376502444543,54.19933986004965,53133.15,0.056059664416800326,False,2026-09-29,GULFOILLUB
42066927616.0,465.04998779296875,452.04722606046454,439.3230615462295,413.27459934935143,60.31548345167907,171052.9,0.11884998104628197,False,2026-09-29,HARSHA
259568566272.0,1099.699951171875,1144.3210703872057,1082.6465302189367,989.898409283003,45.62885501451512,109804.7,0.2017265659609906,False,2026-09-29,HATSUN
104309989376.0,703.5999755859375,699.8924384259882,691.5600601306614,649.7999550074287,51.746115679129915,127164.0,0.08412939227417171,False,2026-09-29,HCG
37805088768.0,401.20001220703125,400.5035551058996,380.2848953997717,374.82924324418633,53.14995721009267,917669.45,0.198864543625638,False,2026-09-29,HERITGFOOD
22928340992.0,173.91000366210938,175.45640294935615,170.55605573247902,162.68957293742835,49.45080147579283,2721854.3,0.09164525972794513,False,2026-09-29,HINDOILEXP
40263643136.0,1171.4000244140625,1222.760557332585,1218.4092875815522,1030.4071725020124,38.40936841166302,52896.1,0.015782235529660404,False,2026-09-29,HIRECT
30636484608.0,434.6499938964844,407.1743526923333,387.2562438384734,380.1574702449798,60.15327369997144,497252.75,0.10865962869513357,False,2026-09-29,HLEGLAS
74283565056.0,596.8499755859375,615.0261390162563,604.4411914901843,558.3386428029123,41.49437458906675,87209.15,0.0641882884320173,True,2026-09-29,HNDFDS
151764271104.0,441.6499938964844,469.02853876103757,463.92968830702296,395.38245058567696,37.88520830992538,1765925.7,-0.05326903773529612,True,2026-09-29,HONASA
88282718208.0,434.95001220703125,441.97649778685195,427.4149225788996,359.81592570423226,48.42254231443855,539037.3,-0.01383057647606345,False,2026-09-29,ICIL
722592792576.0,79.45999908447266,84.48608305126876,83.82417210106311,78.27880753555206,32.847836096180274,22186288.45,-0.0007544964930400466,True,2026-09-29,IDFCFIRSTB
18265966592.0,584.2999877929688,559.482763745625,524.1109630380051,460.21509598727806,61.68653921459389,96230.55,0.2955653831329683,False,2026-09-29,IGPL
262382403584.0,607.5,614.1826760505187,605.2706572679842,545.6084668613024,47.455464163989234,2654704.2,0.17119719626597107,False,2026-09-29,IIFL
109332545536.0,344.95001220703125,342.24400572412753,339.3740393161938,329.71045777054695,56.283982591406364,542079.4,0.018753709359279558,False,2026-09-29,IIFLCAPS
15875774464.0,197.3000030517578,206.96266954334078,202.65290056003926,185.7769369621995,42.45794021129862,560229.55,0.1589520481992721,False,2026-09-29,IKIO
30816794624.0,51.29999923706055,52.2277403115293,50.99307432683529,49.722351003252136,47.25638642170776,925225.75,0.06409459056768796,True,2026-09-29,IMAGICAA
146640011264.0,605.1500244140625,591.9202792769818,571.6708448626681,537.7345463207677,60.54783372292183,518332.55,0.17630481106982776,True,2026-09-29,INDGN
1051392999424.0,714.3499755859375,724.9002207689671,722.5910681273451,707.3185524607071,44.54704683649174,2837064.55,-0.008810928976742738,True,2026-09-29,INDHOTEL
53871050752.0,1078.9000244140625,1117.4438628229357,1107.7588076023717,1061.5553768658135,40.93482735046447,56993.3,0.0016711993955302873,False,2026-09-29,INDIGOPNTS
42174808064.0,196.13999938964844,195.27777891488813,189.05632057381334,187.38259617114076,52.95030729019492,58262.25,0.18220719100883853,False,2026-09-29,INDIQUBE
10557860864.0,145.4499969482422,131.290380324908,128.49697647105393,126.55269712992688,75.55914358293926,131359.0,0.1066727920090984,True,2026-09-29,INDOAMIN
14438895616.0,489.5,473.926194022465,457.3066025074824,361.1919087809068,56.547135502406874,559299.15,0.24999998051737893,True,2026-09-29,INDOBORAX
23454521344.0,269.1499938964844,251.63170985915832,243.55826906817282,236.0772269637487,59.932686386774215,2765991.5,0.10298331769539892,True,2026-09-29,INDOCO
25944203264.0,103.44000244140625,89.58634604477425,74.74474617198042,55.006437031724424,73.02870922823179,2842084.4,1.2624671845932958,False,2026-09-29,INDORAMA
35162906624.0,413.1000061035156,382.3981400686273,334.1717633301315,218.9838578242652,69.8665305338659,737858.6,1.0032004832615775,False,2026-09-29,INDSWFTLAB
59935383552.0,201.47999572753906,196.95421328698117,181.81185818493677,135.42010966449845,55.948668733340874,4135477.0,0.3404297718054201,False,2026-09-29,IOLCP
51649228800.0,410.20001220703125,419.2532422615759,409.50252316170696,403.74001914248106,46.8125686433372,637664.35,-0.01607095655443147,False,2026-09-29,IONEXCHANG
12590427136.0,62.79999923706055,62.33075478729547,57.45828067144902,45.77619906095657,55.42257752472667,978591.1,0.41664779253555073,False,2026-09-29,IRISDOREME
58297462784.0,657.1500244140625,670.1982754426779,669.0056071209816,620.6894223796183,45.81650653270709,812357.8,0.10845922489003179,False,2026-09-29,ITDC
15980822528.0,234.7100067138672,234.22723524770893,231.9337537596113,218.286462304146,50.841666084217096,572338.85,-0.0014464851456128525,False,2026-09-29,JAGSNPHARM
55277940736.0,136.27000427246094,131.0936553297104,129.27999605116426,124.12945633278929,59.50413321314686,2927334.1,-0.022873958754004886,False,2026-09-29,JAMNAAUTO
37356204032.0,598.4000244140625,544.1708820809013,516.1179871665344,477.4014290266929,71.12669308283932,1041947.3,0.18260874390130932,False,2026-09-29,JASH
24299278336.0,658.6500244140625,609.381931277122,576.3267662429986,473.6840338574009,63.3568865377012,387408.65,0.5587505465430815,True,2026-09-29,JGCHEM
30392147968.0,675.2999877929688,693.2039094094428,678.131174519453,658.4184127619601,46.18624989090768,57073.0,0.09333758779269252,False,2026-09-29,JINDALPOLY
182040821760.0,277.70001220703125,290.2088379775167,283.77995635215257,247.36147066484534,41.6925273896743,1635009.75,0.05629524022117072,False,2026-09-29,JINDALSAW
1185170194432.0,1130.0,1138.7222970454843,1129.2856306222811,1115.344273702976,48.44800672359727,678039.35,0.08258281963930902,False,2026-09-29,JINDALSTEL
74059653120.0,391.3500061035156,407.53087916661326,397.82392694940137,376.66201967654445,41.28887898845326,622519.2,0.12456898305607944,False,2026-09-29,JKPAPER
838204325888.0,350.0,346.3882464483412,336.9992305776022,307.5887633535848,54.23287317624373,4678334.85,0.06870229007633588,False,2026-09-29,JSWINFRA
35833323520.0,88.87999725341797,87.70210792588348,83.76648195042124,75.73168076030389,54.78550649749504,3245784.6,0.10919755771770934,False,2026-09-29,JTLIND
169783115776.0,1048.199951171875,1018.5525227834387,981.3657817654464,976.3361176302191,62.07998257724729,301452.2,0.07706528773541454,True,2026-09-29,JUBLPHARMA
242228346880.0,1059.300048828125,1027.694338038413,954.8358646773729,871.2985558042842,58.35944873934905,1318631.5,0.358425321121397,False,2026-09-29,JYOTICNC
29601009664.0,829.7999877929688,705.8579168941624,587.7030588880159,387.09572907760327,71.3684672562279,366136.7,1.980068060388525,False,2026-09-29,KABRAEXTRU
187078803456.0,1190.5,1213.4570186650833,1209.8105510556704,1144.093292808348,42.67758375008582,325269.4,-0.010883994559371946,True,2026-09-29,KAJARIACER
591766290432.0,568.8499755859375,584.7037841791738,569.7426051355764,499.8969585180004,41.73102561380361,6419124.85,0.465730395876911,False,2026-09-29,KALYANKJIL
16302521344.0,555.7000122070312,561.5867775506678,527.9414593972266,411.3550623324036,49.915291150836495,188268.4,0.4781220751790103,True,2026-09-29,KAPSTON
317018537984.0,318.1499938964844,329.8636349888459,329.25388940499306,299.3838521506344,37.06539391102808,1516175.45,0.0823268606378178,True,2026-09-29,KARURVYSYA
36331159552.0,543.4500122070312,535.3509800017634,496.82663771566774,466.72969787770694,55.08044439358249,1452911.6,0.42787704543342464,False,2026-09-29,KIRIINDUS
38309801984.0,427.04998779296875,435.00967572259003,429.06184267137445,398.31275100104904,44.853824101658525,112934.05,0.15481341776585245,False,2026-09-29,KOLTEPATIL
13750225920.0,290.8999938964844,258.1650457353416,230.41101143369244,189.56822489962678,72.70771553213595,2384325.45,0.5486584304080118,False,2026-09-29,KOPRAN
4018944081920.0,406.0,410.4524518303846,405.83306826965037,399.5718440094723,45.78078337095454,11527856.25,0.016779394970843686,True,2026-09-29,KOTAKBANK
378966966272.0,1081.5,1119.338635638428,1112.8337458730232,1042.9456742172206,40.68359033555971,201091.55,-0.09239675884669163,False,2026-09-29,KPRMILL
91246952448.0,386.20001220703125,401.3098692212661,396.17885256227055,372.8390502811802,40.836446229556564,404799.15,0.016315821597450597,False,2026-09-29,KRBL
57882996736.0,185.19000244140625,184.94473789150487,178.4277938011937,142.46108519043602,51.455912553117614,594240.9,0.29775757814890036,False,2026-09-29,KRISHANA
10594739200.0,403.95001220703125,412.167338674037,405.8969957251534,385.0013870020643,43.799517243718796,25302.5,0.0007432635081960903,False,2026-09-29,KRISHIVAL
17681944576.0,261.8299865722656,243.95769420086907,224.34148583411044,201.81564622744804,64.63212673270215,1662825.0,0.40950686000709546,False,2026-09-29,KROSS
42214674432.0,964.3499755859375,947.4986926845618,915.9839338442845,844.8228395418703,55.5190373549818,166720.7,0.09336731925843256,False,2026-09-29,KSL
126879883264.0,324.25,326.3503894841956,315.12338667176647,266.5908017783974,49.9025582491883,1893873.35,0.2119230603400586,False,2026-09-29,KTKBANK
20257681408.0,487.0,495.5904160507447,495.49419364549146,474.39131760127333,45.69987250477425,909098.8,0.1434609227028214,True,2026-09-29,LANDMARK
1177812205568.0,674.5999755859375,673.4602653244178,639.2089204810991,536.523567008097,53.12308934735799,8289464.0,0.27187018200305313,False,2026-09-29,LENSKART
301709557760.0,548.5,553.0110908402517,543.3354674139183,542.7363781342747,49.52643012309706,3442899.5,-0.007958083233447932,False,2026-09-29,LICHSGFIN
152724422656.0,102.19000244140625,88.85714557799179,86.83119228739409,74.37196433586463,71.89671304574323,10955277.8,0.22721276043086336,True,2026-09-29,LLOYDSENGG
50419281920.0,176.49000549316406,177.0652615468637,173.95206996475463,167.53492923308605,50.084593811322115,1256816.65,0.08602554586721167,False,2026-09-29,LXCHEM
652859146240.0,79.16000366210938,82.39317924791303,82.22698442871068,75.73304908110144,41.66208854186994,15290033.4,-0.13049205990717183,True,2026-09-29,MAHABANK
41721327616.0,425.70001220703125,406.63548422520745,400.4567852118639,379.96025128955404,69.64858957753236,186887.15,0.1017081235282713,True,2026-09-29,MAHLOG
95896567808.0,721.8499755859375,696.6233307929044,663.1252637415816,622.252910811002,63.89817852877081,446313.35,0.19304188108327747,False,2026-09-29,MAHSEAMLES
13852829696.0,127.29000091552734,127.43140532858752,123.90084408352152,119.54519497641478,51.39510801359886,512255.3,0.10475611497090864,False,2026-09-29,MANAKCOAT
14559734784.0,80.18000030517578,82.5449371388307,77.21759539431099,66.64101023621008,48.05837421021924,4547536.45,0.2396413099391972,False,2026-09-29,MANALIPETC
28283719680.0,985.7999877929688,1019.233733256581,997.3736682404264,905.7444535366964,41.947691934172106,74978.25,0.09399624292737929,False,2026-09-29,MANGLMCEM
76536012800.0,959.5999755859375,866.6829610292198,757.0403508561527,571.6000247857972,65.01824390866065,2024129.6,0.6071010129321757,False,2026-09-29,MANINDS
129385381888.0,531.7000122070312,544.7669084598882,520.9139089537091,516.5807334861968,45.58232893175354,368077.45,0.3043052132169226,False,2026-09-29,MANYAVAR
57902002176.0,438.25,405.93506987285275,370.95879550355045,282.20733931239425,63.051955953639066,1934255.3,0.5420477873897764,False,2026-09-29,MARINE
152693522432.0,342.75,329.7396516448955,311.04122344815204,252.95494753831042,59.987748634600095,2452225.85,0.28274694738573336,True,2026-09-29,MARKSANS
11068534784.0,519.25,526.5237244994731,504.3259860269896,480.1045321607775,48.65793273143107,14398.35,0.2773677736777367,False,2026-09-29,MATRIMONY
97272774656.0,569.25,565.3942061485036,518.5068214955616,459.00935316141437,56.176484827958724,198907.5,0.3451086568530637,False,2026-09-29,MAXESTATES
73812549632.0,166.83999633789062,163.70592641955943,157.03582198248503,123.8551754102498,56.39983464936581,970977.5,0.38044014144743366,True,2026-09-29,MBAPL
16313244672.0,291.1000061035156,294.5838466311085,267.5598796867904,190.2256320879813,51.0381967050006,75478.1,0.8040406854388731,True,2026-09-29,MENONBE
120862629888.0,562.2999877929688,580.8231225027577,573.5282894000889,533.0963484984529,40.22437609992902,190367.5,0.033069998904439624,False,2026-09-29,METROPOLIS
29748709376.0,612.5,616.9690758074811,598.8327128505748,504.68095659188725,49.022920482179224,98005.85,0.32547065983546664,False,2026-09-29,MMFL
11691551744.0,447.54998779296875,442.54002883487334,395.99710984735987,314.1575919824309,56.461602837029616,119966.35,0.6319051514784639,False,2026-09-29,MMP
65962668032.0,118.80000305175781,114.44713791819608,98.48642129660183,67.45335559680046,59.84004884871161,17876792.0,0.9869543608069371,False,2026-09-29,MOREPENLAB
1745130356736.0,158.55999755859375,162.56316244096462,159.656626900372,139.93820541757043,43.06950889593409,10857861.3,0.07432753908055223,False,2026-09-29,MOTHERSON
620463587328.0,996.2000122070312,1008.4016888257672,980.0482086714054,901.2482913680708,48.48806420002441,783484.65,0.041070108465127486,False,2026-09-29,MOTILALOFS
288477773824.0,171.64999389648438,169.45021124438895,169.26227102580958,164.6544684010998,52.576473482969945,10476214.4,0.14433329264322925,True,2026-09-29,MRPL
52152320000.0,713.0499877929688,725.3194636764491,692.8893539129486,588.0495620348339,48.34598826348973,285248.55,0.02574978457922672,False,2026-09-29,MSTCLTD
26359535616.0,132.14999389648438,133.26042969404233,132.78648403765197,121.76283579013331,46.112396370000035,644514.9,-0.023281663593669122,True,2026-09-29,MUFIN
24137986048.0,172.49000549316406,148.32660424447045,142.31771361882778,136.32132906468786,81.70201623471013,424598.75,0.297307436696858,True,2026-09-29,MUKANDLTD
10901999616.0,106.4800033569336,107.57916192317036,106.8500245084268,96.05443319142286,47.271217278260636,325845.5,0.08553376829724724,False,2026-09-29,MUNJALAU
10960389120.0,212.60000610351562,203.55001279162593,185.15945707069685,175.2321514818095,60.06143199033799,814595.05,0.41894149039148476,False,2026-09-29,MVGJL
144818831360.0,388.3999938964844,369.7652384753845,353.4719422622422,307.45190673923344,69.502693233089,1326013.9,0.2723996524045351,True,2026-09-29,NAZARA
22282168320.0,922.2999877929688,960.4476253886262,940.2935326791494,843.2894438454537,43.99958727126705,337172.4,-0.00576730068483855,False,2026-09-29,NELCO
34426314752.0,606.1500244140625,616.0693269330642,597.9030001386817,500.0982129999417,46.99356238675103,105600.2,0.08609577303363669,False,2026-09-29,NITINSPIN
48684568576.0,290.75,302.1708904023803,298.3708566079659,278.73089671024,42.06128682510806,1102078.75,-0.06270151979894212,False,2026-09-29,NORTHARC
11526185984.0,660.5,617.2409044612386,562.3609445137503,482.762672417392,63.16785946228662,47309.2,0.5459332943241662,False,2026-09-29,NRAIL
51834204160.0,541.0499877929688,508.94652255767596,477.43887361490545,384.4792979481316,64.20339488406697,1037923.5,0.23583828889649472,False,2026-09-29,NRBBEARING
956140879872.0,327.3500061035156,333.5821252549856,328.95732507040157,291.352030677812,44.81874537377292,3492184.55,0.04251594300482675,False,2026-09-29,NYKAA
17959231488.0,541.8499755859375,514.9436503876292,456.6303833138822,368.60336076437295,62.654284700480204,64953.8,0.7507269001161148,False,2026-09-29,OAL
772882628608.0,459.45001220703125,476.6140197909763,471.6459683154609,458.9302284943705,38.64954976659396,2178288.3,0.0934078982859754,False,2026-09-29,OIL
21768542208.0,109.4800033569336,116.53979222847185,108.91905523101948,91.73508539560933,44.5432815550153,2769926.9,0.4007164563377268,False,2026-09-29,OMAXE
18300399616.0,71.62000274658203,62.55657109591792,59.40072980301995,55.77402987605791,84.19830520751572,3519296.3,0.21823442135150728,True,2026-09-29,ONEPOINT
68395757568.0,796.2000122070312,670.9293544384576,609.3636600813082,529.6370263371817,69.86546561966185,1436683.25,0.5780398998517762,False,2026-09-29,OPTIEMUS
54010773504.0,1014.9000244140625,1023.5419440480357,996.5676779241354,882.7601214042321,49.66516031225018,121284.15,0.03635253452961318,False,2026-09-29,ORCHPHARMA
25169981440.0,139.33999633789062,140.070770975352,136.17132359449593,124.45752251470572,50.00052408371039,668046.85,-0.012893222421382577,True,2026-09-29,ORIENTHOT
81377550336.0,78.58999633789062,82.76407089708567,76.29273205918217,58.43428117397798,45.29864506782039,19743902.1,0.09274191238543983,False,2026-09-29,PAISALO
28637669376.0,480.5,476.2079060640487,466.5298921038045,390.53412770216926,52.143487422636106,209605.55,0.13098739107214485,False,2026-09-29,PANAMAPET
161479524352.0,154.0800018310547,154.53804289116624,151.0254248850244,142.7059383079083,50.14191724673344,2419824.7,0.09798332374109009,False,2026-09-29,PARADEEP
34018144256.0,268.54998779296875,261.8521914611222,247.96711129176617,237.58738596424632,56.16886656378905,2088238.4,0.14799297311640403,False,2026-09-29,PARAGMILK
133619900416.0,330.45001220703125,331.73097351671527,325.12428371862137,318.44276176247695,50.393626687593745,1734634.25,0.03784553562040727,False,2026-09-29,PCBL
245664235520.0,317.5,319.030201499787,302.34871186985214,263.57119396969836,51.62808300810715,2831321.65,0.305080572151907,False,2026-09-29,PFOCUS
42908356608.0,1131.4000244140625,1129.1492504852406,1077.6395599889433,980.5596605324015,53.23134440241456,184383.75,0.18676252518776626,False,2026-09-29,PITTIENG
285554212864.0,1098.199951171875,1128.5061359859815,1123.4066880228768,1027.9592621172992,41.83582823627637,868369.4,0.040356173333834455,False,2026-09-29,PNBHOUSING
278664642560.0,209.07000732421875,209.8866552207228,204.3169494587086,187.22192036911517,49.75423513026102,4116972.2,0.24231989818164812,False,2026-09-29,PPLPHARMA
36035731456.0,224.41000366210938,226.03344142096412,205.96607103397386,185.8733175055725,52.24973100297696,935804.85,0.4840949255875482,False,2026-09-29,PRABHA
91879284736.0,500.1499938964844,474.67104412885226,450.5635844261037,371.20848965448266,59.095828512591666,659262.5,0.23387192886524666,True,2026-09-29,PRECWIRE
36592041984.0,675.2999877929688,672.0732503468606,669.1697723979969,613.0436941913603,54.83046939670603,247741.75,-0.1323954403870743,False,2026-09-29,PREMEXPLN
10043755520.0,95.88999938964844,89.18354101070749,83.46176741970585,67.18905551913795,60.124711267258824,929207.3,0.417442678888434,False,2026-09-29,PREMIERPOL
92556812288.0,749.3499755859375,758.9612638010506,736.4594316322502,642.0562366783668,46.98204182375027,275887.9,0.20794713480589078,False,2026-09-29,PRICOLLTD
10252621824.0,302.5,291.95235399458244,287.3854621451611,282.9818139471723,62.388424713248654,42855.6,0.03401132326853018,False,2026-09-29,PRIMESECU
16129403904.0,55.90999984741211,60.23095926852516,51.96586085385653,37.67442509916169,46.31398395432665,1798018.6,0.9359418792285039,True,2026-09-29,PVP
111943221248.0,1190.0999755859375,1246.731520875576,1194.8237239978655,1095.9298190686557,43.50852909158318,707775.5,0.20773284564671446,False,2026-09-29,PVRINOX
21899999232.0,542.1500244140625,491.4925445951027,444.3541708219231,387.4529917582445,67.02770012768885,1456137.65,0.1929805475878792,False,2026-09-29,QUADFUTURE
50925658112.0,342.1000061035156,349.32560492217,334.29607937658835,288.8850946330038,46.522372373797594,562853.3,0.2064892288173774,False,2026-09-29,QUESS
73777422336.0,215.41000366210938,213.00589343362364,209.10701165061917,179.1151540262158,52.77196500007374,3980062.05,0.14064070267509154,False,2026-09-29,RAIN
53208969216.0,583.7999877929688,546.8343197286385,509.68629431299433,419.53135831934037,64.27626890281248,285800.45,0.43598574670296797,False,2026-09-29,RAMRAT
28027205632.0,331.1499938964844,308.22274178983747,271.1227193693107,204.0035279473517,66.71607459793549,6482351.2,0.8706924974806449,False,2026-09-29,RATNAVEER
79638773760.0,1185.75,999.9966516213366,828.5491716259789,656.5628572569481,82.01324149549922,6822937.2,1.008554330544543,False,2026-09-29,RAYMOND
47338033152.0,672.5499877929688,620.4671600192396,608.1044452145734,590.9781015012394,63.4463095938821,2656976.05,0.0630679867844155,False,2026-09-29,RAYMONDREL
65874366464.0,91.9800033569336,94.66064131332642,91.20532816092106,78.43377169323314,44.38558050472385,2903524.3,0.18592065822908332,False,2026-09-29,RBA
644009230336.0,402.0,407.32337424672363,394.7673970343204,348.13641844776686,48.57169307537661,4368238.6,0.13080168776371304,False,2026-09-29,RBLBANK
318377623552.0,405.45001220703125,389.80114296505985,358.17489640668,293.39838315723813,63.73081661995714,6067972.85,0.45218479398340294,False,2026-09-29,REDINGTON
17987571712.0,164.27000427246094,155.16965583510313,141.49328708837626,124.75684246369184,61.28933016944982,1116086.95,0.3630103621639247,False,2026-09-29,RGL
27544504320.0,723.8499755859375,739.7954729745621,706.2354219887904,563.6558227599545,47.342952318712854,259248.6,0.12094460021051101,False,2026-09-29,RISHABH
130480087040.0,714.6500244140625,711.3807393170317,692.4303751151696,626.6992595213557,52.17620456502775,560987.95,0.24297766630314865,True,2026-09-29,RKFORGE
51246776320.0,190.5800018310547,178.93387495983495,170.20079217426763,151.30504218035423,65.44128478728217,1809047.2,0.27248445212268524,False,2026-09-29,ROLEXRINGS
59300327424.0,925.3499755859375,850.9367738976975,816.9862248695863,624.136854244381,65.83965432015235,311399.3,0.16075007704042288,True,2026-09-29,RPTECH
10284181504.0,212.3699951171875,215.84192050071684,210.0985418145005,185.34042999490717,48.14038114328599,73877.25,0.097689532109549,False,2026-09-29,RSWM
16447464448.0,491.79998779296875,460.8645465258634,421.36357149735187,323.18988508117116,63.07878447116078,41826.5,0.5019085950805424,False,2026-09-29,RUBYMILLS
764147138560.0,181.82000732421875,181.7603444843606,179.96180408105937,168.11150709237359,50.51959810656826,15378629.1,0.08148948730031602,False,2026-09-29,SAIL
24931805184.0,1121.8499755859375,1099.1590977032508,1008.0612967543732,752.1616689156257,56.28200167554646,164916.6,0.34482133681330795,False,2026-09-29,SAKAR
13550162944.0,97.08000183105469,83.07268976304124,74.87930671316875,57.17296331766385,75.11955449077415,639612.15,0.7022620359286564,True,2026-09-29,SALSTEEL
46888116224.0,162.24000549316406,143.43126814809278,132.52494717004586,118.37272444941236,69.40904432270418,6975006.55,0.40747818355144316,False,2026-09-29,SAMBHV
44160204800.0,515.0,486.58664849521017,471.26065761306546,447.9472799392725,62.80974388426516,178151.85,0.15938763135371214,False,2026-09-29,SANATHAN
30567280640.0,645.5499877929688,591.9675382318371,583.6703263713603,526.6108695868969,72.71209245543962,50724.35,0.1910516379944074,True,2026-09-29,SANGAMIND
39305502720.0,454.0,442.52900222082314,442.4208547314504,387.4281654987612,54.69436749408624,239221.4,-0.0005503577325260967,False,2026-09-29,SANGHVIMOV
95384666112.0,493.45001220703125,497.1215834009954,495.0637271595868,451.50738399172843,47.60761915426469,387150.55,-0.0017195541309491524,True,2026-09-29,SAREGAMA
25247594496.0,54.72999954223633,48.56630792834686,45.12126872036511,37.01056457423953,82.99385041566053,10828054.55,0.29969125502179383,False,2026-09-29,SBC
66504048640.0,1111.300048828125,1097.4223684291098,1007.3586563573714,750.9709124483721,55.162044423831155,311754.5,0.45610591070937456,False,2026-09-29,SBCL
80305364992.0,428.95001220703125,403.58345009122314,356.22431227727145,241.91099834216462,63.04803521535097,971568.6,0.44646781272672076,False,2026-09-29,SETL
10211932160.0,657.3499755859375,618.4780846897629,600.4598404426855,560.5243770828115,65.35373038715393,13922.9,0.12281144739899741,False,2026-09-29,SGIL
92160385024.0,755.9500122070312,746.6486714736827,734.4756993672034,578.6785538741083,52.06421590082646,208281.25,0.25333661876480584,True,2026-09-29,SGMART
51151253504.0,601.6500244140625,638.4633998370185,568.9643801025361,494.91766733266286,45.958268183699374,279561.3,0.34386867994061987,False,2026-09-29,SHANTIGEAR
24992509952.0,306.8500061035156,272.28193040542186,253.4272228449596,227.96133998776435,66.07707266960558,4289805.55,0.39451924861903587,False,2026-09-29,SHANTIGOLD
45870206976.0,205.67999267578125,201.81405594532626,186.71589046916282,167.20792598828297,57.80167097340167,8782589.8,0.4797121775236062,False,2026-09-29,SHAREINDIA
198212403200.0,1055.75,977.3315828033811,868.8899774515754,609.3622722455643,67.04726188632603,935564.35,0.757094188063256,False,2026-09-29,SHILPAMED
46170664960.0,418.95001220703125,399.33587376157516,392.8420959464083,391.1347762964896,60.262189489159894,394702.35,0.17501059192377588,False,2026-09-29,SHOPERSTOP
122587840512.0,763.2999877929688,708.3047745162348,660.4654897893495,497.5217851663317,76.36016014302768,1122379.05,0.4822797741503704,False,2026-09-29,SHREEJISPG
16364488704.0,481.8999938964844,488.51359486110505,457.7239963964839,398.2952590692614,50.61186192287546,106762.7,0.20686203012443505,False,2026-09-29,SHREEPUSHK
302151303168.0,1074.0,1074.585974892931,1046.4336863747346,955.5602067195433,52.032228805870105,513797.75,0.1160181090523571,False,2026-09-29,SHYAMMETL
67328835584.0,541.5499877929688,552.788227709624,547.6240042315139,503.2558885332697,46.15372794177315,1500753.45,-0.04328239648149379,False,2026-09-29,SKIPPER
122900168704.0,820.8499755859375,796.1971489376351,752.539688015537,563.4085608015071,59.07958546068758,787623.15,0.4429990521497873,True,2026-09-29,SKYGOLD
60610531328.0,514.25,528.638433211702,514.8227230482439,488.02711965428836,43.73559552390088,76681.75,0.06890458007882816,True,2026-09-29,SMARTWORKS
17924638720.0,92.9800033569336,85.1836383861736,81.54355737830532,74.76889696425192,64.8750037891333,5361468.8,0.31123957911480526,True,2026-09-29,SMCGLOBAL
44484714496.0,479.3999938964844,439.4014009763222,410.9199041801149,372.2432416024083,66.11573835637475,1552662.75,0.14785107363201555,False,2026-09-29,SMSPHARMA
35664367616.0,749.8499755859375,708.9602958819102,649.6250529868496,579.0980519248084,66.72934103627979,581813.5,0.31104110426089293,False,2026-09-29,SOLARA
25347964928.0,613.8499755859375,580.8702924258776,552.9859966722778,500.4026285004104,71.79901449268566,116130.55,0.14599075442480647,False,2026-09-29,SOMANYCERA
514593914880.0,815.6500244140625,804.0554334848051,776.9580170749042,652.5723630899902,54.99079666181099,2155260.5,0.23154165702480745,True,2026-09-29,SONACOMS
48897290240.0,717.0,708.3317613310778,677.8482100232706,539.6956628885675,53.50500328869862,621176.4,0.38751814223512326,False,2026-09-29,SOTL
165476384768.0,831.8499755859375,823.4659230867741,777.7965290905871,726.4831079476629,56.21008854272371,408441.4,0.16988958563647594,True,2026-09-29,SPLPETRO
27187537920.0,212.16000366210938,211.9659605931404,208.0100865527437,167.30430240168104,50.16278712444316,306366.0,0.2121350919371905,False,2026-09-29,SPORTKING
10209634304.0,575.5,550.1262844250592,522.847017469089,512.6951371424713,58.599948620384886,56284.2,0.18513178082069537,False,2026-09-29,SRHHYPOLTD
59564158976.0,400.6499938964844,363.27338275912683,331.6641119620297,263.549203363035,71.5553500826128,1527606.1,0.6151334267503072,True,2026-09-29,SSWL
109215449088.0,1172.5999755859375,1160.2725019951308,1109.1227973188502,1026.883601067722,55.68152201189314,374391.25,0.041015580762178594,False,2026-09-29,STAR
38101798912.0,371.79998779296875,342.70714178687115,331.76391850245903,286.4564701577799,65.42963889295692,241055.4,0.23953983217825403,False,2026-09-29,STEELCAS
11429431296.0,597.9500122070312,617.7854751026157,598.1333990994577,533.4332535985506,44.85205288487997,4933.35,0.0437248851902019,False,2026-09-29,STEL
26962601984.0,813.6500244140625,818.0283975532159,797.4660608343061,698.0208693760025,49.45898392963334,100767.9,0.05143122062902372,False,2026-09-29,STOVEKRAFT
61785554944.0,368.79998779296875,373.22354520594627,370.11717930541937,327.2830288778751,46.82911465548019,127401.0,0.13372272250955253,True,2026-09-29,STYL
28604899328.0,405.0,385.46398704656195,369.61389743067747,336.76997029130376,59.73248011633957,1170291.75,0.3157895258670691,True,2026-09-29,STYLEBAAZA
95325265920.0,1197.300048828125,1217.859081612527,1164.0946422427312,1047.987836566545,47.66069692976922,189008.15,0.3351547798473655,False,2026-09-29,SUDARSCHEM
247720345600.0,1143.199951171875,1195.4227997113242,1147.8244613807788,1008.9883296185492,38.235791221474365,272394.9,0.20775444077436078,True,2026-09-29,SUNDRMFAST
74007117824.0,464.29998779296875,377.3246718111844,361.90779689219033,323.49153213354555,85.41150048193919,675942.7,0.30678301082158677,True,2026-09-29,SUNFLAG
79291654144.0,985.0499877929688,924.0471379969293,886.2172021423005,805.0336716689874,65.24007237106053,383971.9,-0.010000012268373104,False,2026-09-29,SUPRIYA
17879324672.0,355.04998779296875,338.23050589332286,316.92421905947606,293.7114002781632,65.7766886496255,96659.95,0.32580285278971477,False,2026-09-29,SURAKSHA
94658502656.0,324.75,343.01205183092554,337.42694054308,267.83306593778457,39.74751297065459,529137.0,0.08994793319339323,True,2026-09-29,SUVEN
28231370752.0,433.20001220703125,439.9839638559308,422.6843032173839,358.6841560633854,48.96302136821313,383377.0,0.007090592476634683,False,2026-09-29,TALBROAUTO
17704390656.0,330.3500061035156,327.1549370113454,317.67208864922515,279.63938415371103,52.50329755483522,406641.2,0.24636869012630513,False,2026-09-29,TARSONS
235766382592.0,777.3499755859375,746.2974977828097,710.3042661651616,565.853801905173,56.048949999733615,2351407.65,0.3053735946027498,True,2026-09-29,TDPOWERSYS
15068194816.0,115.54000091552734,115.82181720512745,113.49820945570234,106.50968734071078,50.62333945655884,375686.5,0.03456304262001941,False,2026-09-29,TEXINFRA
64034381824.0,138.9199981689453,138.66206378327297,126.37457575085962,92.62063271245702,56.0169385216475,11284140.4,0.7826254026040191,True,2026-09-29,TFCILTD
182391111680.0,533.5999755859375,539.5011333081275,525.0346251093362,472.33666991999644,48.33333401058401,326604.0,0.11189827541659936,True,2026-09-29,THELEELA
10860880896.0,119.94999694824219,121.26196715872528,118.12640692354367,112.72636619670561,48.62308945304899,342853.15,0.007052273810647769,False,2026-09-29,THEMISMED
144202219520.0,550.8499755859375,556.7221046101263,532.4512663502021,476.4514013993172,49.86544731427708,763954.85,0.21225788509016819,False,2026-09-29,TI
139650154496.0,863.5499877929688,890.495349674997,869.9050386322937,735.5981267530833,43.56439094458028,143718.7,0.15741859811051961,False,2026-09-29,TMB
1625951567872.0,430.1499938964844,442.59420213022344,442.4871167847388,424.1382239032573,41.50538780962477,6020490.6,-0.0234960410976518,False,2026-09-29,TMCV
11959907328.0,125.66999816894531,126.70581085837924,118.24257651179843,102.70867164965274,51.11821526944898,2067484.35,0.28195450100817276,False,2026-09-29,TNPETRO
10492326912.0,151.8000030517578,149.0239776433977,148.3424237690582,147.2603673360266,53.85294934131594,453501.25,0.039868526473184396,False,2026-09-29,TNPL
14569786368.0,1033.699951171875,1068.6253146808824,1061.8314601255445,1024.278278298149,42.00221554290178,47459.05,0.13406467490057605,False,2026-09-29,TTKHLTCARE
57473806336.0,131.3000030517578,130.0111631708978,129.7417489192441,125.54427156457163,52.66382494799739,774751.0,-0.0430726869246052,False,2026-09-29,TVSSCS
14040674304.0,207.7899932861328,206.7102485747515,205.78434465422188,199.7222599563357,50.29070162085212,319987.0,0.1401371373724709,False,2026-09-29,UDS
24509179904.0,184.75,197.24007227444397,190.88140304904127,161.1232189729949,43.50858657194036,27078.2,0.41538344999435384,False,2026-09-29,UEL
47962869760.0,647.7000122070312,648.083615513195,598.5783750261772,513.2385408399263,53.40456676060645,281162.4,0.5083838412051132,False,2026-09-29,UFLEX
38702043136.0,568.4000244140625,545.7188233271945,531.7757376517625,481.66555314623383,57.32889610901778,303015.15,0.22065936189063895,True,2026-09-29,UNICHEMLAB
38228393984.0,843.5499877929688,854.4680682658817,815.5405517143936,648.6885836095875,48.624296384319855,136676.9,0.2846264470113735,False,2026-09-29,UNIPARTS
248844566528.0,163.7100067138672,166.4742876655007,157.90667859514718,142.90864495958337,48.92693219710644,5960431.05,0.2412617140910851,False,2026-09-29,URBANCO
157922869248.0,498.8999938964844,507.78936784184896,502.10969896473273,469.35963430549276,46.38069690147879,1097981.45,-0.006966560594188875,False,2026-09-29,USHAMART
11180189696.0,290.79998779296875,276.7233708302164,271.12622761136885,253.0521634634892,57.00312404883965,350131.1,0.2445432818424853,False,2026-09-29,UTTAMSUGAR
11506805760.0,404.6000061035156,381.5377887199752,342.2406583792682,301.91161649219833,65.73746168270975,80406.15,0.47475850957646815,False,2026-09-29,VALIANTORG
127564513280.0,837.4000244140625,842.1500432938462,798.5274510265336,668.2325038301143,50.87280804356848,342563.35,0.27594094162656324,False,2026-09-29,VARROC
17268484096.0,359.3999938964844,347.26209647861054,334.43205397701433,327.86982528882487,58.694473088771765,30139.1,0.3007600788089153,False,2026-09-29,VIDHIING
26788626432.0,591.4000244140625,610.8757741220454,607.3397184061138,562.4509839562993,40.212799263510256,162650.3,0.008096820595455023,False,2026-09-29,VIMTALABS
26828521472.0,182.55999755859375,175.99570929505165,168.08956323866718,153.32689695503402,60.21025335983797,2074428.05,0.1624323082529886,False,2026-09-29,VINCOFE
46962507776.0,673.9000244140625,693.859898319885,665.5256633932347,593.2506881579399,45.47218544442907,148786.25,0.07283291924198454,False,2026-09-29,VISHNU
60485255168.0,760.0499877929688,793.9022198425768,792.069602268767,742.0593814508169,34.56589755447584,72261.7,-0.03797228082213633,False,2026-09-29,VMART
50679246848.0,282.3999938964844,289.3345731427081,282.09994386412427,266.8440854464496,40.907609716484025,117391.1,0.18327323205903112,False,2026-09-29,VRLLOG
39786156032.0,405.8500061035156,392.41154456043245,361.8842181355049,304.6549415051001,63.865200006938835,574936.3,0.4672812622846765,False,2026-09-29,VSSL
102320619520.0,744.2999877929688,751.2153910102039,697.1136689561914,588.0890028212233,51.50891518191025,910864.7,0.21567984939643736,False,2026-09-29,WELENT
211523846144.0,225.2100067138672,212.32607040266154,194.47744651521748,159.8000512187358,72.60025050062137,4300992.1,0.34993708710698646,False,2026-09-29,WELSPUNLIV
89730228224.0,596.5999755859375,569.1270138206402,551.7547780631343,537.4242941962797,61.26028657508523,517846.5,0.17556645435652718,False,2026-09-29,WESTLIFE
22752475136.0,1096.25,1086.7972913573847,1019.2910700560279,906.854227593804,56.0224312097823,190967.55,0.2728592162554426,False,2026-09-29,WINDLAS
48341196800.0,703.4500122070312,705.9575780003894,652.141765733344,545.305815865579,53.60837532655688,280071.7,0.3222744590357731,False,2026-09-29,WSTCSTPAPR
108051783680.0,1108.0,1054.9572637670794,973.4950928018782,828.450536287852,64.75747877186667,808130.45,0.28448879128169446,False,2026-09-29,YATHARTH
15317317632.0,1130.699951171875,1078.2772579275343,969.2062695424878,848.4278905392248,70.10764629998708,27882.05,0.4618914387827533,False,2026-09-29,YUKEN
