symbol,sector,market_cap_inr
20MICRONS,,
21STCENMGM,,
360ONE,,
3BBLACKBIO,,
3MINDIA,,
3PLAND,,
5PAISA,,
63MOONS,,
A2ZINFRA,,
AAATECH,,
AADHARHFC,,
AAKASH,,
AAREYDRUGS,,
AARON,,
AARTIDRUGS,,
AARTIIND,,
AARTIPHARM,,
AARVI,,
AASTHA,,
AAVAS,,
ABANSENT,,
ABB,,
ABBOTINDIA,,
ABCAPITAL,,
ABCOTS,,
ABDL,,
ABFRL,,
ABLBL,,
ABMKNO,,
ABREL,,
ABSLAMC,,
ACC,,
ACCELYA,,
ACE,,
ACEINTEG,,
ACGL,,
ACI,,
ACL,,
ACMESOLAR,,
ACUTAAS,,
ADANIENSOL,,
ADANIENT,,
ADANIGREEN,,
ADANIPORTS,,
ADANIPOWER,,
ADDIND,,
ADFFOODS,,
ADL,,
ADOR,,
ADROITINFO,,
ADSL,,
ADVAIT,,
ADVANCE,,
ADVANIHOTR,,
ADVENTHTL,,
ADVENZYMES,,
ADVIKCA,,
AEGISLOG,,
AEGISVOPAK,,
AEPL,,
AEQUS,,
AEROENTER,,
AEROFLEX,,
AERONEU,,
AEROPLANE,,
AETHER,,
AFCONS,,
AFFLE,,
AFFORDABLE,,
AFIL,,
AFSL,,
AGARIND,,
AGARWALEYE,,
AGI,,
AGIIL,,
AGL,,
AGRITECH,,
AGROPHOS,,
AHCL,,
AHLADA,,
AHLEAST,,
AHLUCONT,,
AIAENG,,
AIIL,,
AIRAN,,
AIROLAM,,
AJANTPHARM,,
AJAXENGG,,
AJMERA,,
AJOONI,,
AKASH,,
AKCAPIT,,
AKG,,
AKSHAR,,
AKUMS,,
ALANKIT,,
ALBERTDAVD,,
ALEMBICLTD,,
ALFREDHE,,
ALGOQUANT,,
ALICON,,
ALIVUS,,
ALKEM,,
ALKYLAMINE,,
ALLCARGO,,
ALLDIGI,,
ALLTIME,,
ALMONDZ,,
ALOKINDS,,
ALPA,,
ALPINETEX,,
ALUFLUOR,,
AMAGI,,
AMAL,,
AMARJOTHI,,
AMBER,,
AMBICAAGAR,,
AMBIKCO,,
AMBUJACEM,,
AMJLAND,,
AMNPLST,,
AMRUTANJAN,,
ANANDRATHI,,
ANANTRAJ,,
ANDHRAPAP,,
ANDHRSUGAR,,
ANDREWYU,,
ANGELONE,,
ANIKINDS,,
ANNAPURNA,,
ANNU,,
ANSALBU,,
ANTELOPUS,,
ANTGRAPHIC,,
ANTHEM,,
ANUHPHR,,
ANUP,,
ANURAS,,
APARINDS,,
APCL,,
APCOTEXIND,,
APEX,,
APLAPOLLO,,
APLLTD,,
APOLLO,,
APOLLOHOSP,,
APOLLOPIPE,,
APOLLOTYRE,,
APOLSINHOT,,
APOORVA,,
APTECHT,,
APTUS,,
AQYLON,,
ARCHIDPLY,,
ARCHIES,,
ARCIL,,
ARCL,,
ARDEE,,
ARE&M,,
ARENTERP,,
ARFIN,,
ARIHANT,,
ARIHANTCAP,,
ARIHANTSUP,,
ARIS,,
ARKADE,,
ARMANFIN,,
AROGRANITE,,
ARROWGREEN,,
ARSSBL,,
ARTEMISMED,,
ARTNIRMAN,,
ARVEE,,
ARVIND,,
ARVINDFASN,,
ARVSMART,,
ARYAMAN,,
ASAHIINDIA,,
ASAL,,
ASALCBR,,
ASHAPURMIN,,
ASHIANA,,
ASHIMASYN,,
ASHOKA,,
ASHOKAMET,,
ASHOKLEY,,
ASIANENE,,
ASIANHOTNR,,
ASIANPAINT,,
ASIANTILES,,
ASIANTNE,,
ASKAUTOLTD,,
ASMS,,
ASPINWALL,,
ASSAMENT,,
ASTAR,,
ASTEC,,
ASTERDM,,
ASTRAL,,
ASTRAMICRO,,
ASTRAZEN,,
ATALREAL,,
ATAM,,
ATGL,,
ATHERENERG,,
ATL,,
ATLANTAA,,
ATLANTAELE,,
ATLASCYCLE,,
ATUL,,
ATULAUTO,,
AUBANK,,
AUGMONT,,
AURIONPRO,,
AUROPHARMA,,
AURUM,,
AURUS,,
AUSOMENT,,
AUSTENG,,
AUTOAXLES,,
AUTOIND,,
AVADHSUGAR,,
AVALON,,
AVANCE,,
AVANTEL,,
AVANTIFEED,,
AVL,,
AVONMORE,,
AVROIND,,
AVTNPL,,
AWFIS,,
AWHCL,,
AWL,,
AXISBANK,,
AXISCADES,,
AXITA,,
AXTEL,,
AYE,,
AYMSYNTEX,,
AZAD,,
AZADIND,,
BAGFILMS,,
BAIDFIN,,
BAJAJ-AUTO,,
BAJAJCON,,
BAJAJELEC,,
BAJAJFINSV,,
BAJAJHCARE,,
BAJAJHFL,,
BAJAJHIND,,
BAJAJHLDNG,,
BAJAJINDEF,,
BAJAJST,,
BAJEL,,
BAJFINANCE,,
BALAJEE,,
BALAJITELE,,
BALAMINES,,
BALAXI,,
BALKRISHNA,,
BALKRISIND,,
BALMLAWRIE,,
BALPHARMA,,
BALRAMCHIN,,
BALUFORGE,,
BANARBEADS,,
BANARISUG,,
BANCOINDIA,,
BANDHANBNK,,
BANG,,
BANKA,,
BANKBARODA,,
BANKINDIA,,
BANSALWIRE,,
BANSWRAS,,
BASF,,
BATAINDIA,,
BATLIBOI,,
BAYERCROP,,
BBL,,
BBOX,,
BBTC,,
BBTCL,,
BCG,,
BCLIND,,
BCONCEPTS,,
BCPL,,
BDL,,
BEARDSELL,,
BECTORFOOD,,
BEDMUTHA,,
BEEKAY,,
BEL,,
BELLACASA,,
BELRISE,,
BEML,,
BENARAS,,
BENGALASM,,
BEPL,,
BERGEPAINT,,
BESTAGRO,,
BETA,,
BFINVEST,,
BFUTILITIE,,
BHAGCHEM,,
BHAGERIA,,
BHAGYANGR,,
BHANDARI,,
BHARATCOAL,,
BHARATFORG,,
BHARATRAS,,
BHARATSE,,
BHARATWIRE,,
BHARTIARTL,,
BHARTIHEXA,,
BHEL,,
BIGBLOC,,
BIKAJI,,
BIL,,
BIMETAL,,
BIOCON,,
BIOFILCHEM,,
BIRLACABLE,,
BIRLACORPN,,
BIRLAMONEY,,
BIRLANU,,
BLACKBUCK,,
BLAL,,
BLBLIMITED,,
BLEL,,
BLIL,,
BLKASHYAP,,
BLS,,
BLSE,,
BLUECLOUDS,,
BLUECOAST,,
BLUEDART,,
BLUEJET,,
BLUESTARCO,,
BLUESTONE,,
BLUSPRING,,
BMWVENTLTD,,
BNAGROCHEM,,
BODALCHEM,,
BOHRAIND,,
BOMDYEING,,
BONLON,,
BORANA,,
BOROLTD,,
BORORENEW,,
BOROSCI,,
BOSCH-HCIL,,
BOSCHLTD,,
BPCL,,
BPL,,
BPLPHARMA,,
BRAHMINFRA,,
BRIGADE,,
BRIGHOTEL,,
BRIGHTBR,,
BRITANNIA,,
BRNL,,
BROOKS,,
BSE,,
BSHSL,,
BSL,,
BSOFT,,
BTML,,
BUILDPRO,,
BUTTERFLY,,
BVCL,,
BYKE,,
CAMLINFINE,,
CAMPUS,,
CAMS,,
CANBK,,
CANFINHOME,,
CANHLIFE,,
CANTABIL,,
CAPACITE,,
CAPILLARY,,
CAPITALSFB,,
CAPLIPOINT,,
CARBORUNIV,,
CARERATING,,
CARRARO,,
CARTRADE,,
CARYSIL,,
CASTROLIND,,
CCAVENUE,,
CCCL,,
CCHHL,,
CCL,,
CDSL,,
CEATLTD,,
CEIGALL,,
CEINSYS,,
CELEBRITY,,
CELLO,,
CEMPRO,,
CENTENKA,,
CENTEXT,,
CENTRALBK,,
CENTRUM,,
CENTUM,,
CENTURYPLY,,
CERA,,
CESC,,
CEWATER,,
CGCL,,
CGPOWER,,
CGVAK,,
CHALET,,
CHAMBLFERT,,
CHEMBOND,,
CHEMCRUX,,
CHEMFAB,,
CHEMPLASTS,,
CHENNPETRO,,
CHEVIOT,,
CHOICEIN,,
CHOLAFIN,,
CHOLAHLDNG,,
CIEINDIA,,
CIFL,,
CINELINE,,
CINEVISTA,,
CIPLA,,
CLEAN,,
CLEANMAX,,
CLEDUCATE,,
CLSEL,,
CMLL,,
CMPDI,,
CMRGREEN,,
CMSINFO,,
CNL,,
COALINDIA,,
COASTCORP,,
COCHINSHIP,,
COCKERILL,,
COFFEEDAY,,
COFORGE,,
COHANCE,,
COLPAL,,
COMFINTE,,
COMPEAU,,
COMPUSOFT,,
COMSYN,,
CONCOR,,
CONCORDBIO,,
CONFIPET,,
CONTROLPR,,
CORALFINAC,,
CORDELIA,,
COROMANDEL,,
CORONA,,
COSMOFIRST,,
CPCAP,,
CPEDU,,
CPL,,
CPPLUS,,
CRAFTSMAN,,
CRAMC,,
CRAVATEX,,
CREATIVEYE,,
CREDITACC,,
CREST,,
CRESTO,,
CRISIL,,
CRIZAC,,
CROMPTON,,
CROWN,,
CSBBANK,,
CSLFINANCE,,
CSM,,
CUB,,
CUBEXTUB,,
CUMMINSIND,,
CUPID,,
CYIENT,,
CYIENTDLM,,
DABUR,,
DALBHARAT,,
DALMIASUG,,
DAMCAPITAL,,
DANGEE,,
DATAMATICS,,
DATAPATTNS,,
DAVANGERE,,
DBCORP,,
DBEIL,,
DBL,,
DBOL,,
DBREALTY,,
DCAL,,
DCBBANK,,
DCI,,
DCM,,
DCMFINSERV,,
DCMNVL,,
DCMSHRIRAM,,
DCMSIL,,
DCMSRIND,,
DCW,,
DCXINDIA,,
DDEVPLSTIK,,
DECCANCE,,
DECNGOLD,,
DEEDEV,,
DEEPA,,
DEEPAKFERT,,
DEEPAKNTR,,
DEEPINDS,,
DELHIVERY,,
DELTACORP,,
DELTAMAGNT,,
DEN,,
DENORA,,
DENTA,,
DEVIT,,
DEVX,,
DEVYANI,,
DGCONTENT,,
DHAMPURSUG,,
DHANBANK,,
DHANUKA,,
DHARMAJ,,
DHATRE,,
DHOOTTRANS,,
DHRUV,,
DHUNINV,,
DIAMINESQ,,
DIAMONDYD,,
DICIND,,
DIFFNKG,,
DIGIDRIVE,,
DIGISPICE,,
DIGITIDE,,
DISAQ,,
DISHTV,,
DIVGIITTS,,
DIVISLAB,,
DIXON,,
DJML,,
DLF,,
DLINKINDIA,,
DMART,,
DMCC,,
DNAMEDIA,,
DODLA,,
DOLATALGO,,
DOLLAR,,
DOLLEX,,
DOLPHIN,,
DOMS,,
DONEAR,,
DPABHUSHAN,,
DRAGARWQ,,
DRCSYSTEMS,,
DREAMFOLKS,,
DREDGECORP,,
DRREDDY,,
DSFCL,,
DSSL,,
DUCON,,
DVL,,
DWARKESH,,
DYCL,,
DYNAMATECH,,
DYNPRO,,
EASEMYTRIP,,
EASTWEST,,
EBGNG,,
ECLERX,,
ECORECO,,
ECOSMOBLTY,,
EDELWEISS,,
EFCIL,,
EICHERMOT,,
EIDPARRY,,
EIEL,,
EIHAHOTELS,,
EIHOTEL,,
EIMCOELECO,,
EKC,,
EKI,,
ELANTAS,,
ELCIDIN,,
ELDEHSG,,
ELECON,,
ELECTCAST,,
ELECTHERM,,
ELGIEQUIP,,
ELGIRUBCO,,
ELIN,,
ELITECON,,
ELLEN,,
ELPROINTL,,
EMAMILTD,,
EMAMIREAL,,
EMBDL,,
EMCURE,,
EMIL,,
EMKAY,,
EMMVEE,,
EMPIND,,
EMPOWER,,
EMSLIMITED,,
EMUDHRA,,
ENDURANCE,,
ENERGYDEV,,
ENGINERSIN,,
ENIL,,
ENKEIWHEL,,
ENRIN,,
ENTERO,,
EPACK,,
EPACKPEB,,
EPIGRAL,,
EPL,,
EQUITASBNK,,
ERIS,,
ESABINDIA,,
ESCORTS,,
ESDS,,
ESSARSHPNG,,
ESSENTIA,,
ESTER,,
ETERNAL,,
ETHOSLTD,,
EUREKAFORB,,
EUROBOND,,
EUROPRATIK,,
EVEREADY,,
EXCELINDUS,,
EXCELSOFT,,
EXICOM,,
EXIDEIND,,
EXPLEOSOL,,
EXXARO,,
FABTECH,,
FACT,,
FAZE3Q,,
FCL,,
FCSSOFT,,
FDC,,
FEDDERSHOL,,
FEDERALBNK,,
FEDFINA,,
FERMENTA,,
FIBERWEB,,
FIEMIND,,
FILATEX,,
FILATFASH,,
FINCABLES,,
FINEORG,,
FINKURVE,,
FINOPB,,
FINPIPE,,
FIRSTCRY,,
FISCHER,,
FIVESTAR,,
FLAIR,,
FLUOROCHEM,,
FMGOETZE,,
FMNL,,
FOODSIN,,
FORCEMOT,,
FORTIS,,
FOSECOIND,,
FRACTAL,,
FREDUN,,
FRONTSP,,
FSL,,
FUSION,,
GABRIEL,,
GAEL,,
GAIL,,
GAJA,,
GALAPREC,,
GALAXYSURF,,
GALLANTT,,
GANDHAR,,
GANDHITUBE,,
GANECOS,,
GANESHCP,,
GANESHHOU,,
GANGAFORGE,,
GANGESSECU,,
GARFIBRES,,
GARUDA,,
GATEWAY,,
GAUDIUMIVF,,
GAYAHWS,,
GAYAPROJ,,
GCSL,,
GEEKAYWIRE,,
GEMAROMA,,
GENCON,,
GENESYS,,
GENUSPAPER,,
GENUSPOWER,,
GEOJITFSL,,
GESHIP,,
GFLLIMITED,,
GHCL,,
GHCLTEXTIL,,
GICHSGFIN,,
GICRE,,
GILLANDERS,,
GILLETTE,,
GIPCL,,
GKB,,
GKENERGY,,
GKSL,,
GKWLIMITED,,
GLAND,,
GLASSWALL,,
GLAXO,,
GLENMARK,,
GLFL,,
GLOBAL,,
GLOBALE,,
GLOBALVECT,,
GLOBE,,
GLOBECIVIL,,
GLOBUSSPR,,
GLOSTERLTD,,
GLOTTIS,,
GMBREW,,
GMDCLTD,,
GMMPFAUDLR,,
GMRAIRPORT,,
GMRP&UI,,
GNA,,
GNFC,,
GNRL,,
GOACARBON,,
GOCLCORP,,
GOCOLORS,,
GODAVARIB,,
GODFRYPHLP,,
GODIGIT,,
GODREJAGRO,,
GODREJCP,,
GODREJIND,,
GODREJPROP,,
GOKEX,,
GOKUL,,
GOKULAGRO,,
GOLDIAM,,
GOODLUCK,,
GOODYEAR,,
GOPAL,,
GOYALALUM,,
GPIL,,
GPPL,,
GPTHEALTH,,
GPTINFRA,,
GRANDOAK,,
GRANULES,,
GRAPHITE,,
GRASIM,,
GRAUWEIL,,
GRAVITA,,
GREAVESCOT,,
GREENLAM,,
GREENPANEL,,
GREENPLY,,
GREENPOWER,,
GRINDWELL,,
GRINFRA,,
GRMOVER,,
GROBTEA,,
GROWW,,
GRPLTD,,
GRSE,,
GRWRHITECH,,
GSFC,,
GSLSU,,
GSPCROP,,
GSS,,
GTECJAINX,,
GTL,,
GTLINFRA,,
GTPL,,
GUFICBIO,,
GUJALKALI,,
GUJAPOLLO,,
GUJENERGY,,
GUJRAFFIA,,
GUJTHEM,,
GULFOILLUB,,
GULPOLY,,
GVPIL,,
GVT&D,,
GYFTR,,
HAL,,
HALDER,,
HALEOSLABS,,
HAMPTON,,
HAPPSTMNDS,,
HAPPYFORGE,,
HARDWYN,,
HARIOMPIPE,,
HARRMALAYA,,
HARSHA,,
HATHWAY,,
HATSUN,,
HAVELLS,,
HAVISHA,,
HAWKINCOOK,,
HAZOOR,,
HBESD,,
HBLENGINE,,
HBPOR,,
HBSL,,
HCC,,
HCG,,
HCL-INSYS,,
HCLTECH,,
HDBFS,,
HDFCAMC,,
HDFCBANK,,
HDFCLIFE,,
HEADSUP,,
HEALTHX,,
HECPROJECT,,
HEGAM,,
HEIDELBERG,,
HEMIPROP,,
HERANBA,,
HERITGFOOD,,
HEROMOTOCO,,
HEROMOTORS,,
HESTERBIO,,
HEXATRADEX,,
HEXT,,
HGINFRA,,
HGM,,
HGS,,
HIKAL,,
HILINFRA,,
HILTON,,
HIMATSEIDE,,
HINDADH,,
HINDALCO,,
HINDALUMI,,
HINDCOMPOS,,
HINDCON,,
HINDCOPPER,,
HINDOILEXP,,
HINDPETRO,,
HINDUNILVR,,
HINDWAREAP,,
HINDZINC,,
HIRECT,,
HISARMETAL,,
HITECH,,
HLEGLAS,,
HLVLTD,,
HMAAGRO,,
HNDFDS,,
HOMEFIRST,,
HONASA,,
HONAUT,,
HONDAPOWER,,
HORIZONIND,,
HPAL,,
HPIL,,
HPL,,
HRYNSHP,,
HSCL,,
HTEL,,
HTMEDIA,,
HUBTOWN,,
HUDCO,,
HUHTAMAKI,,
HYUNDAI,,
IBULLSLTD,,
ICEMAKE,,
ICICIAMC,,
ICICIBANK,,
ICICIGI,,
ICICIPRULI,,
ICIL,,
ICRA,,
IDBI,,
IDEA,,
IDEAFORGE,,
IDFCFIRSTB,,
IEX,,
IFBAGRO,,
IFBIND,,
IFCI,,
IFGLEXPOR,,
IGARASHI,,
IGCL,,
IGIL,,
IGL,,
IGPL,,
IIFL,,
IIFLCAPS,,
IITL,,
IKIO,,
IKS,,
IMAGICAA,,
IMFA,,
IMPAL,,
INA,,
INCREDIBLE,,
INDBANK,,
INDGN,,
INDHOTEL,,
INDIACEM,,
INDIAGLYCO,,
INDIAMART,,
INDIANB,,
INDIANCARD,,
INDIANHUME,,
INDIASHLTR,,
INDIGO,,
INDIGOPNTS,,
INDIQUBE,,
INDNIPPON,,
INDOBORAX,,
INDOCO,,
INDOFARM,,
INDOKEM,,
INDOMIM,,
INDORAMA,,
INDOSTAR,,
INDOTECH,,
INDOTHAI,,
INDOUS,,
INDOWIND,,
INDPRUD,,
INDRAMEDCO,,
INDSWFTLAB,,
INDTERRAIN,,
INDUSINDBK,,
INDUSTOWER,,
INFOBEAN,,
INFOMEDIA,,
INFY,,
INGERRAND,,
INNOVACAP,,
INNOVANA,,
INNOVISION,,
INOXGREEN,,
INOXINDIA,,
INOXWIND,,
INSECTICID,,
INSPIRISYS,,
INTELLECT,,
INTENTECH,,
INTERARCH,,
INTLCONV,,
INVENTURE,,
IOB,,
IOC,,
IOLCP,,
IONEXCHANG,,
IPCALAB,,
IPL,,
IPRINGLTD,,
IRB,,
IRCON,,
IRCTC,,
IREDA,,
IRFC,,
IRIS,,
IRISDOREME,,
IRMENERGY,,
ISFT,,
ISGEC,,
ISHANCH,,
ISTLTD,,
ITC,,
ITCHOTELS,,
ITDC,,
ITI,,
ITL,,
IVALUE,,
IVC,,
IWP,,
IXIGO,,
IZMO,,
J&KBANK,,
JAGRAN,,
JAGSNPHARM,,
JAIBALAJI,,
JAICORPLTD,,
JAINREC,,
JAIPURKURT,,
JAMNAAUTO,,
JARO,,
JASH,,
JAYAGROGN,,
JAYBARMARU,,
JAYKAY,,
JAYNECOIND,,
JAYSREETEA,,
JBMA,,
JENBURPH,,
JETFREIGHT,,
JGCHEM,,
JHS,,
JINDALPHOT,,
JINDALPOLY,,
JINDALSAW,,
JINDALSTEL,,
JINDRILL,,
JINDWORLD,,
JIOFIN,,
JISLDVREQS,,
JISLJALEQS,,
JITFINFRA,,
JKCEMENT,,
JKIL,,
JKIPL,,
JKLAKSHMI,,
JKPAPER,,
JKTYRE,,
JLHL,,
JMA,,
JMFINANCIL,,
JNKINDIA,,
JNPR,,
JOCIL,,
JPOLYINVST,,
JPPOWER,,
JSFB,,
JSL,,
JSLL,,
JSWCEMENT,,
JSWDULUX,,
JSWENERGY,,
JSWHL,,
JSWINFRA,,
JSWSTEEL,,
JTEKTINDIA,,
JTLIND,,
JUBLCPL,,
JUBLFOOD,,
JUBLINGREA,,
JUBLPHARMA,,
JUNIPER,,
JUSTDIAL,,
JWL,,
JYOTHYLAB,,
JYOTICNC,,
JYOTIRES,,
JYOTISTRUC,,
KABRAEXTRU,,
KAJARIACER,,
KAKATCEM,,
KALAMANDIR,,
KALPATARU,,
KALYANKJIL,,
KAMAHOLD,,
KAMANWALA,,
KAMATHOTEL,,
KAMDHENU,,
KAMOPAINTS,,
KANANIIND,,
KANCHI,,
KANCOTEA,,
KANOHAR,,
KANPRPLA,,
KANSAINER,,
KAPSTON,,
KARAMTARA,,
KARMAENG,,
KARURVYSYA,,
KAYNES,,
KCP,,
KDDL,,
KDGREEN,,
KEC,,
KECL,,
KEEPLEARN,,
KEI,,
KELLTONTEC,,
KENNAMET,,
KERNEX,,
KEYFINSERV,,
KFINTECH,,
KHAICHEM,,
KHAITANLTD,,
KHANDSE,,
KICL,,
KIMS,,
KINGFA,,
KIOCL,,
KIRANVYPAR,,
KIRIINDUS,,
KIRLFER,,
KIRLOSBROS,,
KIRLOSENG,,
KIRLOSIND,,
KIRLPNU,,
KISSHT,,
KITEX,,
KJMCFIN,,
KKCL,,
KLBRENG-B,,
KMCSHIL,,
KMEW,,
KMSUGAR,,
KNACK,,
KNAGRI,,
KNRCON,,
KOHINOOR,,
KOKUYOCMLN,,
KOLTEPATIL,,
KOPRAN,,
KOTAKBANK,,
KOTHARIPET,,
KOTHARIPRO,,
KOTIC,,
KOVAI,,
KPEL,,
KPIGREEN,,
KPIL,,
KPITTECH,,
KPL,,
KPRMILL,,
KRBL,,
KREBSBIO,,
KRIDHANINF,,
KRISHANA,,
KRISHIVAL,,
KRISHNADEF,,
KRITI,,
KRITIKA,,
KRITINUT,,
KRN,,
KROSS,,
KRSNAA,,
KRYSTAL,,
KSB,,
KSCL,,
KSE,,
KSHINTL,,
KSHITIJPOL,,
KSL,,
KSOLVES,,
KTKBANK,,
KUANTUM,,
KUSUMGAR,,
KWIL,,
LAGNAM,,
LAHOTIOV,,
LAKSHMIMIL,,
LAL,,
LALITHAA,,
LALPATHLAB,,
LAMBODHARA,,
LANCER,,
LANDMARK,,
LANDSMILL,,
LAOPALA,,
LASERPOWER,,
LATENTVIEW,,
LATTEYS,,
LAURUSLABS,,
LAXMICOT,,
LAXMIDENTL,,
LAXMIINDIA,,
LCCINFOTEC,,
LCCPROJECT,,
LCL,,
LEAPIND,,
LEMERITE,,
LEMONTREE,,
LENSKART,,
LEXUS,,
LFIC,,
LGBBROSLTD,,
LGEINDIA,,
LGHL,,
LIBAS,,
LIBERTSHOE,,
LICHSGFIN,,
LICI,,
LIKHITHA,,
LINC,,
LINCOLN,,
LINDEINDIA,,
LKPSEC,,
LLOYDSENGG,,
LLOYDSENT,,
LLOYDSME,,
LMW,,
LODHA,,
LOKESHMACH,,
LORDSCHLO,,
LOTUSCHO,,
LOTUSEYE,,
LOVABLE,,
LOYALTEX,,
LPDC,,
LT,,
LTF,,
LTFOODS,,
LTM,,
LTTS,,
LUMAXIND,,
LUMAXTECH,,
LUMINO,,
LUPIN,,
LUXIND,,
LXCHEM,,
M&M,,
M&MFIN,,
MAANALU,,
MACPOWER,,
MADHAV,,
MADHAVIPL,,
MADHUCON,,
MADRASFERT,,
MAFATIND,,
MAGADSUGAR,,
MAGNUM,,
MAHABANK,,
MAHAPEXLTD,,
MAHEPC,,
MAHESHWARI,,
MAHLIFE,,
MAHLOG,,
MAHSCOOTER,,
MAHSEAMLES,,
MAITHANALL,,
MAKERSL,,
MALLCOM,,
MALUPAPER,,
MAMATA,,
MANAKALUCO,,
MANAKCOAT,,
MANAKSIA,,
MANALIPETC,,
MANAPPURAM,,
MANBA,,
MANCREDIT,,
MANGALAM,,
MANGLMCEM,,
MANINDS,,
MANINFRA,,
MANIPALHOS,,
MANKIND,,
MANOMAY,,
MANORAMA,,
MANORG,,
MANUGRAPH,,
MANYAVAR,,
MAPMYINDIA,,
MARALOVER,,
MARATHON,,
MARICO,,
MARINE,,
MARKOLINES,,
MARKSANS,,
MARSONS,,
MARUTI,,
MASFIN,,
MASKINVEST,,
MASTEK,,
MASTERTR,,
MATRIMONY,,
MAWANASUG,,
MAXESTATES,,
MAXHEALTH,,
MAXIND,,
MAYURUNIQ,,
MAZDOCK,,
MBAPL,,
MBEL,,
MBLINFRA,,
MCCHRLS-B,,
MCL,,
MCLEODRUSS,,
MCLOUD,,
MCX,,
MEDANTA,,
MEDIASSIST,,
MEDICO,,
MEDPLUS,,
MEESHO,,
MEGASTAR,,
MEIL,,
MERCANTILE,,
MERCURYEV,,
METROBRAND,,
METROGLOBL,,
METROPOLIS,,
MFML,,
MFSL,,
MGEL,,
MGL,,
MHRIL,,
MIDHANI,,
MIDWESTLTD,,
MIIL,,
MINDACORP,,
MINDTECK,,
MIRZAINT,,
MITCON,,
MITTAL,,
MKEXIM,,
MKPL,,
MLKFOOD,,
MMFL,,
MMP,,
MMTC,,
MMWL,,
MOBIKWIK,,
MODINATUR,,
MODIRUBBER,,
MODIS,,
MODTHREAD,,
MOHITE,,
MOHITIND,,
MOIL,,
MOKSH,,
MOL,,
MOLBIO,,
MOLDTKPAC,,
MOMSBELIEF,,
MONARCH,,
MONEYBOXX,,
MONTECARLO,,
MOREPENLAB,,
MOSCHIP,,
MOTHERSON,,
MOTILALOFS,,
MOTISONS,,
MOTOGENFIN,,
MPHASIS,,
MPIMANIPAL,,
MPSLTD,,
MRF,,
MRPL,,
MSL,,
MSPL,,
MSTCLTD,,
MSUMI,,
MTNL,,
MUFIN,,
MUFTI,,
MUKANDLTD,,
MUKESHB,,
MUNJALAU,,
MUNJALSHOW,,
MURUDCERA,,
MUTHOOTCAP,,
MUTHOOTFIN,,
MUTHOOTMF,,
MVELECTRO,,
MVGJL,,
MWL,,
NACLIND,,
NAGREEKCAP,,
NAGREEKEXP,,
NAHARCAP,,
NAHARINDUS,,
NAHARPOLY,,
NAHARSPING,,
NAM-INDIA,,
NARMADA,,
NATCOPHARM,,
NATHBIOGEN,,
NATIONALUM,,
NATIONSTD,,
NAUKRI,,
NAVA,,
NAVINFLUOR,,
NAVKARCORP,,
NAVKARURB,,
NAVNETEDUL,,
NAZARA,,
NBCC,,
NBIFIN,,
NCC,,
NCLIND,,
NDGL,,
NDL,,
NDLVENTURE,,
NDRAUTO,,
NDTV,,
NEAGI,,
NECLIFE,,
NELCAST,,
NELCO,,
NEOGEN,,
NEPHROPLUS,,
NESCO,,
NESTLEIND,,
NETWEB,,
NETWORK18,,
NEULANDLAB,,
NEWGEN,,
NEXTMEDIA,,
NFL,,
NGIL,,
NGLFINE,,
NH,,
NHPC,,
NIACL,,
NIBE,,
NIBL,,
NICCOPAR,,
NIITLTD,,
NIITMTS,,
NILAINFRA,,
NILASPACES,,
NILE,,
NILKAMAL,,
NIMBSPROJ,,
NINSYS,,
NIPPOBATRY,,
NIRAJ,,
NIRLON,,
NITCO,,
NITINSPIN,,
NITIRAJ,,
NITTAGELA,,
NIVABUPA,,
NKIND,,
NLCINDIA,,
NMDC,,
NOCIL,,
NOIDATOLL,,
NORBTEAEXP,,
NORTHARC,,
NOVAAGRI,,
NOVARTIND,,
NPST,,
NRAIL,,
NRBBEARING,,
NSIL,,
NSLNISP,,
NTCIND,,
NTPC,,
NTPCGREEN,,
NUCLEUS,,
NUVAMA,,
NUVOCO,,
NYKAA,,
OAL,,
OBCL,,
OBEROIRLTY,,
ODIGMA,,
ODYCORP,,
OFSS,,
OIL,,
OLAELEC,,
OLECTRA,,
OMAXAUTO,,
OMAXE,,
OMINFRAL,,
OMNI,,
OMPOWER,,
ONEGLOBAL,,
ONEPOINT,,
ONESOURCE,,
ONGC,,
ONIDA,,
ONIXSOLAR,,
ONWARDTEC,,
OPTIEMUS,,
OPTIFIN,,
ORCHASP,,
ORCHPHARMA,,
ORICONENT,,
ORIENTALTL,,
ORIENTBELL,,
ORIENTCEM,,
ORIENTCER,,
ORIENTELEC,,
ORIENTHOT,,
ORIENTPPR,,
ORIENTTECH,,
ORIRAIL,,
ORISSAMINE,,
ORKLAINDIA,,
ORTINGLOBE,,
OSWALAGRO,,
OSWALGREEN,,
OSWALPUMPS,,
OSWALSEEDS,,
PACEDIGITK,,
PACIFICI,,
PAGEIND,,
PAISALO,,
PAKKA,,
PALASHSECU,,
PALREDTEC,,
PANACEABIO,,
PANAMAPET,,
PANCHMAHQ,,
PANORAMA,,
PANSARI,,
PARACABLES,,
PARADEEP,,
PARAGMILK,,
PARAS,,
PARASPETRO,,
PARIN,,
PARKHOSPS,,
PARKHOTELS,,
PARNAXLAB,,
PASHUPATI,,
PASUPTAC,,
PATANJALI,,
PATELENG,,
PATELRMART,,
PATINTLOG,,
PAUSHAKLTD,,
PAVNAIND,,
PAYTM,,
PBMPOLY,,
PCBL,,
PCJEWELLER,,
PDMJEPAPER,,
PDSL,,
PEARLPOLY,,
PENIND,,
PENINLAND,,
PERMAGN,,
PERNIASPOP,,
PERSISTENT,,
PETRONET,,
PFC,,
PFIZER,,
PFOCUS,,
PFS,,
PGEL,,
PGHH,,
PGHL,,
PGIL,,
PHOENIXLTD,,
PHOENXINTL,,
PICCADIL,,
PIDILITIND,,
PIGL,,
PIIND,,
PILANIINVS,,
PILITA,,
PINELABS,,
PIONEEREMB,,
PIRAMALFIN,,
PITTIENG,,
PIXTRANS,,
PLASTIBLEN,,
PLATIND,,
PLAZACABLE,,
PML,,
PNB,,
PNBGILTS,,
PNBHOUSING,,
PNC,,
PNCINFRA,,
PNGJL,,
PNGSREVA,,
POCL,,
PODDARMENT,,
POEL,,
POKARNA,,
POLICYBZR,,
POLYCAB,,
POLYMED,,
POLYPLEX,,
POLYSPIN,,
PONNIERODE,,
POONAWALLA,,
POWERGRID,,
POWERICA,,
POWERINDIA,,
POWERMECH,,
PPLPHARMA,,
PRABHA,,
PRAENG,,
PRAJIND,,
PRAKASH,,
PRAKASHSTL,,
PRANAV,,
PRASOLCHEM,,
PRAVEG,,
PRAXIS,,
PRECAM,,
PRECOT,,
PRECWIRE,,
PREMCO,,
PREMEXPLN,,
PREMIERENE,,
PREMIERPOL,,
PRESTIGE,,
PRICOLLTD,,
PRIMESECU,,
PRIMO,,
PRINCEPIPE,,
PRIORITY,,
PRISMX,,
PRITI,,
PRIVISCL,,
PROSTARM,,
PROTEAN,,
PROZONER,,
PRSMJOHNSN,,
PRUDENT,,
PRUDMOULI,,
PSB,,
PSPPROJECT,,
PTC,,
PTCIL,,
PTL,,
PUNJABCHEM,,
PURVA,,
PVP,,
PVRINOX,,
PVSL,,
PWL,,
PYRAMID,,
QPOWER,,
QUADFUTURE,,
QUESS,,
QUICKHEAL,,
RACE,,
RACLGEAR,,
RADAAN,,
RADIANTCMS,,
RADICO,,
RADIOCITY,,
RAILTEL,,
RAIN,,
RAINBOW,,
RAJMET,,
RAJPALAYAM,,
RAJRATAN,,
RAJSREESUG,,
RAJTV,,
RALLIS,,
RAMANEWS,,
RAMAPHO,,
RAMBHAJO,,
RAMCOCEM,,
RAMCOIND,,
RAMCOSYS,,
RAMKY,,
RAMRAT,,
RANASUG,,
RANEHOLDIN,,
RATEGAIN,,
RATNAMANI,,
RATNAVEER,,
RAYMOND,,
RAYMONDLSL,,
RAYMONDREL,,
RBA,,
RBLBANK,,
RCF,,
RECLTD,,
REDINGTON,,
REDTAPE,,
REFEX,,
REGAAL,,
REGENCERAM,,
RELAXO,,
RELCHEMQ,,
RELIABLE,,
RELIANCE,,
RELIGARE,,
RELTD,,
REMSONSIND,,
RENTOMOJO,,
RENUKA,,
REPCOHOME,,
REPL,,
REPRO,,
RESPONIND,,
RETAIL,,
RGL,,
RHETAN,,
RHIM,,
RHL,,
RICOAUTO,,
RIIL,,
RIR,,
RISHABH,,
RITCO,,
RITES,,
RKDL,,
RKEC,,
RKFORGE,,
RKSWAMY,,
RMC,,
RML,,
ROHLTD,,
ROLEXRINGS,,
ROML,,
ROSSARI,,
ROSSELLIND,,
ROSSTECH,,
ROTO,,
ROUTE,,
RPEL,,
RPGLIFE,,
RPOWER,,
RPPINFRA,,
RPSGVENT,,
RPTECH,,
RRECL,,
RRIL,,
RRKABEL,,
RSL,,
RSSOFTWARE,,
RSWM,,
RSYSTEMS,,
RTNINDIA,,
RTNPOWER,,
RTSPOWR,,
RUBFILA,,
RUBICON,,
RUBYMILLS,,
RUCHINFRA,,
RUCHIRA,,
RUDRA,,
RUPA,,
RUSHIL,,
RUSTOMJEE,,
RVHL,,
RVNL,,
RVTH,,
S&SPOWER,,
SAATVIKGL,,
SAB,,
SADBHAV,,
SADBHIN,,
SAFARI,,
SAGARDEEP,,
SAGCEM,,
SAGILITY,,
SAHLIBHFI,,
SAHYADRI,,
SAICAPI,,
SAIL,,
SAILIFE,,
SAIPARENT,,
SAKAR,,
SAKHTISUG,,
SAKSOFT,,
SAKUMA,,
SALASAR,,
SALONA,,
SALSTEEL,,
SALZERELEC,,
SAMBANDAM,,
SAMBHAAV,,
SAMBHV,,
SAMHI,,
SAMMAANCAP,,
SAMPANN,,
SANATHAN,,
SANDESH,,
SANDHAR,,
SANDUMA,,
SANGAMIND,,
SANGHVIMOV,,
SANOFI,,
SANOFICONR,,
SANSERA,,
SANSTAR,,
SAPPHIRE,,
SAPPL,,
SARDAEN,,
SAREGAMA,,
SARLAPOLY,,
SARVESHWAR,,
SASKEN,,
SATIA,,
SATIN,,
SAURASHCEM,,
SAYAJIHOTL,,
SAYAJIIND,,
SBC,,
SBCL,,
SBFC,,
SBGLP,,
SBICARD,,
SBIFUNDS,,
SBILIFE,,
SBIN,,
SCHAEFFLER,,
SCHAND,,
SCHNEIDER,,
SCI,,
SCILAL,,
SCODATUBES,,
SDBL,,
SEAMECLTD,,
SECMARK,,
SECURKLOUD,,
SEDEMAC,,
SEIL,,
SEJALLTD,,
SEKURITIND,,
SEMAC,,
SENCO,,
SENORES,,
SEPC,,
SERVOTECH,,
SESHAPAPER,,
SETL,,
SFL,,
SGFIN,,
SGIL,,
SGL,,
SGLRES,,
SGMART,,
SGRL,,
SHADOWFAX,,
SHAH,,
SHAILY,,
SHAKTIPUMP,,
SHALBY,,
SHANKARA,,
SHANKESH,,
SHANTI,,
SHANTIGEAR,,
SHANTIGOLD,,
SHARDACROP,,
SHARDAMOTR,,
SHAREINDIA,,
SHBAJRG,,
SHERVANI,,
SHILCTECH,,
SHILGRAVQ,,
SHILPAMED,,
SHINDL,,
SHIPROCKET,,
SHIVAAGRO,,
SHIVACEM,,
SHIVALIK,,
SHIVAMAUTO,,
SHIVAMILLS,,
SHIVATEX,,
SHIVAUM,,
SHK,,
SHOPERSTOP,,
SHRADDHA,,
SHRADHA,,
SHREDIGCEM,,
SHREECEM,,
SHREEJISPG,,
SHREEPUSHK,,
SHREERAMA,,
SHREYANIND,,
SHRIKRISH,,
SHRINGARMS,,
SHRIPISTON,,
SHRIRAMFIN,,
SHRIRAMPPS,,
SHRJAGP,,
SHUKRAPHAR,,
SHYAMMETL,,
SHYAMTEL,,
SICAGEN,,
SIEL,,
SIEMENS,,
SIGACHI,,
SIGMA,,
SIGNATURE,,
SIGNPOST,,
SIKA,,
SIL,,
SILGO,,
SILINV,,
SILVERTUC,,
SIMPLEXINF,,
SIMPLXREA,,
SINCLAIR,,
SINDHUTRAD,,
SINGERIND,,
SINTERCOM,,
SIRCA,,
SIS,,
SIYSIL,,
SJS,,
SJVN,,
SKFINDIA,,
SKFINDUS,,
SKIPPER,,
SKMEGGPROD,,
SKYGOLD,,
SKYWAYS,,
SMARTWORKS,,
SMCGLOBAL,,
SMLMAH,,
SMLT,,
SMSPHARMA,,
SNOWMAN,,
SOBHA,,
SOFTTECH,,
SOLARA,,
SOLARINDS,,
SOLARWORLD,,
SOLEX,,
SOMANYCERA,,
SOMATEX,,
SOMICONVEY,,
SONACOMS,,
SONAL,,
SONATSOFTW,,
SOTL,,
SOUTHBANK,,
SOUTHWEST,,
SPAL,,
SPANDANA,,
SPARC,,
SPCENET,,
SPENCERS,,
SPIC,,
SPLIL,,
SPLPETRO,,
SPMLINFRA,,
SPORTKING,,
SRD,,
SRF,,
SRGHFL,,
SRHHYPOLTD,,
SRM,,
SRTL,,
SSDL,,
SSRETAIL,,
SSWL,,
STANLEY,,
STAR,,
STARCEMENT,,
STARHEALTH,,
STARPAPER,,
STARTECK,,
STCINDIA,,
STEAMHOUSE,,
STEELCAS,,
STEELCITY,,
STEELXIND,,
STEL,,
STLNETWORK,,
STLSTRINF,,
STOVEKRAFT,,
STUDDS,,
STYL,,
STYLAMIND,,
STYLEBAAZA,,
STYRENIX,,
SUBEXLTD,,
SUBROS,,
SUDARCOLOR,,
SUDARSCHEM,,
SUDEEPPHRM,,
SUKHJITS,,
SULA,,
SUMEDHA,,
SUMEETINDS,,
SUMICHEM,,
SUMIT,,
SUMMITSEC,,
SUNCLAY,,
SUNDARAM,,
SUNDARMFIN,,
SUNDRMFAST,,
SUNDROP,,
SUNFLAG,,
SUNLOC,,
SUNPHARMA,,
SUNRAKSHAK,,
SUNSHIEL,,
SUNSHINE,,
SUNTECK,,
SUNTV,,
SUPERHOUSE,,
SUPRAJIT,,
SUPREME,,
SUPREMEIND,,
SUPREMEINF,,
SUPRIYA,,
SURAJEST,,
SURAJLTD,,
SURAKSHA,,
SURANASOL,,
SURANAT&P,,
SURYALA,,
SURYALAXMI,,
SURYAROSNI,,
SURYODAY,,
SUVEN,,
SUVIDHAA,,
SUYOG,,
SUZLON,,
SVGLOBAL,,
SVLL,,
SVPGLOB,,
SWANCORP,,
SWARAJENG,,
SWARNSAR,,
SWELECTES,,
SWIGGY,,
SWSOLAR,,
SYMBIOTEC,,
SYMPHONY,,
SYNCOMF,,
SYNGENE,,
SYRMA,,
TAALTECH,,
TAINWALCHM,,
TAJGVK,,
TAKE,,
TALBROAUTO,,
TANAA,,
TANLA,,
TARACHAND,,
TARAPUR,,
TARC,,
TARIL,,
TARMAT,,
TARSONS,,
TASTYBITE,,
TATACAP,,
TATACHEM,,
TATACOMM,,
TATACONSUM,,
TATAELXSI,,
TATAINVEST,,
TATAPOWER,,
TATASTEEL,,
TATATECH,,
TATVA,,
TBOTEK,,
TCC,,
TCI,,
TCIEXP,,
TCIFINANCE,,
TCPLPACK,,
TCS,,
TDPOWERSYS,,
TEAMGTY,,
TEAMLEASE,,
TECHM,,
TECHNOCRAF,,
TECHNOE,,
TECHNVISN,,
TECILCHEM,,
TEGA,,
TEJASNET,,
TEMBO,,
TEMPSENS,,
TENNIND,,
TERAI,,
TERASOFT,,
TEXINFRA,,
TEXMOPIPES,,
TEXRAIL,,
TFCILTD,,
TFL,,
TGBHOTELS,,
TGVSL,,
THACKER,,
THAKDEV,,
THANGAMAYL,,
THEINVEST,,
THEJO,,
THELEELA,,
THEMISMED,,
THERMAX,,
THOMASCOOK,,
THOMASCOTT,,
THYROCARE,,
TI,,
TIGERLOGS,,
TIIL,,
TIINDIA,,
TIMETECHNO,,
TIMEX,,
TIMKEN,,
TINNARUBR,,
TIPSFILMS,,
TIPSMUSIC,,
TIRUMALCHM,,
TITAGARH,,
TITAN,,
TMB,,
TMCV,,
TMPV,,
TNPETRO,,
TNPL,,
TNTELE,,
TOKYOPLAST,,
TOLINS,,
TORNTPHARM,,
TORNTPOWER,,
TOUCHWOOD,,
TOYAMSL,,
TPLPLASTEH,,
TRACXN,,
TRANSCOR,,
TRANSRAILL,,
TRAVELFOOD,,
TREEHOUSE,,
TREJHARA,,
TREL,,
TRENT,,
TRF,,
TRIDENT,,
TRIGYN,,
TRITONV,,
TRITURBINE,,
TRIVENI,,
TRU,,
TRUALT,,
TSFINV,,
TTKHLTCARE,,
TTKPRESTIG,,
TTL,,
TTML,,
TURTLEMINT,,
TUTIALKA,,
TVSELECT,,
TVSHLTD,,
TVSMOTOR,,
TVSSCS,,
TVSSRICHAK,,
TVTODAY,,
UBL,,
UCOBANK,,
UDAYJEW,,
UDS,,
UEL,,
UFLEX,,
UFO,,
UGARSUGAR,,
UGROCAP,,
UJJIVANSFB,,
ULTRACEMCO,,
ULTRAMAR,,
UMESLTD,,
UMIYA-MRO,,
UNICHEMLAB,,
UNIDT,,
UNIECOM,,
UNIENTER,,
UNIINFO,,
UNIMECH,,
UNIONBANK,,
UNIPARTS,,
UNITDSPR,,
UNITECH,,
UNITEDPOLY,,
UNITEDTEA,,
UNIVCABLES,,
UNOMINDA,,
UPHOT,,
UPL,,
URBANCO,,
URJA,,
USHAMART,,
USK,,
UTIAMC,,
UTKARSHBNK,,
UTLSOLAR,,
UTTAMSUGAR,,
V2RETAIL,,
VADILALIND,,
VADILENT,,
VAIBHAVGBL,,
VAISHALI,,
VAKRANGEE,,
VALIANTORG,,
VAML,,
VARDMNPOLY,,
VARROC,,
VASCONEQ,,
VASUPRADA,,
VASWANI,,
VBL,,
VEDAVAAG,,
VEDL,,
VEDPOWER,,
VEEDOL,,
VENKEYS,,
VENTIVE,,
VENUSPIPES,,
VENUSREM,,
VERANDA,,
VERTOZ,,
VESUVIUS,,
VETO,,
VGCL,,
VGL,,
VGUARD,,
VHL,,
VIDHIING,,
VIDYAWIRES,,
VIJAYA,,
VIJSOLX,,
VIKASECO,,
VIKASLIFE,,
VIKRAMSOLR,,
VIKRAN,,
VIMTALABS,,
VINATIORGA,,
VINCOFE,,
VINDHYATEL,,
VINEETLAB,,
VINNY,,
VINYLINDIA,,
VIPCLOTHNG,,
VIPIND,,
VIRAT,,
VIRINCHI,,
VISACHROME,,
VISAKAIND,,
VISHAL,,
VISHNU,,
VISHWARAJ,,
VISL,,
VITAL,,
VIVIANA,,
VIVIDHA,,
VIVOBIOT,,
VIYASH,,
VLEGOV,,
VLSFINANCE,,
VMART,,
VMM,,
VMSTMT,,
VOEPL,,
VOGL,,
VOITHPAPR,,
VOLTAMP,,
VOLTAS,,
VPRPL,,
VRAJ,,
VRLLOG,,
VSSL,,
VSTIND,,
VSTL,,
VSTTILLERS,,
VTL,,
VTMLTD,,
WAAREEENER,,
WAAREEINDO,,
WAAREERTL,,
WABAG,,
WAKEFIT,,
WALCHANNAG,,
WANBURY,,
WARDINMOBI,,
WATERBASE,,
WCIL,,
WEALTH,,
WEBELSOLAR,,
WEIZMANIND,,
WEL,,
WELCORP,,
WELENT,,
WELSPLSOL,,
WELSPUNLIV,,
WENDT,,
WESTLIFE,,
WEWIN,,
WEWORK,,
WHBRADY,,
WHEELS,,
WHIRLPOOL,,
WILLAMAGOR,,
WINDLAS,,
WINDMACHIN,,
WIPL,,
WIPRO,,
WOCKPHARMA,,
WONDERLA,,
WORTHPERI,,
WPIL,,
WSI,,
WSTCSTPAPR,,
XCHANGING,,
XELPMOC,,
XPROINDIA,,
XTGLOBAL,,
XTRANET,,
YASHO,,
YATHARTH,,
YATRA,,
YESBANK,,
YOGI,,
YUKEN,,
ZAGGLE,,
ZEEL,,
ZEELEARN,,
ZEEMEDIA,,
ZENITHEXPO,,
ZENITHSTL,,
ZENSARTECH,,
ZENTEC,,
ZFCVINDIA,,
ZFSTEERING,,
ZIMLAB,,
ZODIAC,,
ZODIACLOTH,,
ZOTA,,
ZSARACOM,,
ZUARI,,
ZUARIIND,,
ZYDUSLIFE,,
ZYDUSWELL,,
