pattern,price_inr,ema20,ema50,ema200,consolidation_range_pct,consolidation_high,breakout,volume_support,return_60d_pct,latest_data_date,symbol
bullish_ema_consolidation_breakout,901.4000244140625,779.7763201587179,736.0073983940675,731.6354404293144,17.949509089445787,763.9000244140625,True,True,40.59112377603644,2026-10-07,ALICON
bullish_ema_consolidation_breakout,103.05999755859375,90.28787807400462,88.71096786576429,79.54459762607934,22.290951371573424,98.86000061035156,True,True,19.323832674848674,2026-10-07,ARFIN
bullish_ema_consolidation_breakout,937.5499877929688,798.0101640675568,738.0421834656337,573.0422618965803,21.1864406779661,858.0,True,True,76.13188226440779,2026-10-07,AVADHSUGAR
bullish_ema_consolidation_breakout,448.5,427.21308801331185,420.7696318710602,366.0194565278682,9.264775764404302,439.8999938964844,True,True,7.309483646536141,2026-10-07,BHEL
bullish_ema_consolidation_breakout,188.9199981689453,172.25729613327488,165.72414212245613,149.5837541843726,20.913802370908396,179.69000244140625,True,True,32.37107381802653,2026-10-07,DHAMPURSUG
bullish_ema_consolidation_breakout,211.5399932861328,195.75087338265575,180.4595785595585,144.53879106009154,24.73439423543072,208.97999572753906,True,True,60.720256141772964,2026-10-07,EMIL
bullish_ema_consolidation_breakout,267.44000244140625,243.75527054865034,239.78749933332335,233.0412857121526,21.456711255077973,258.9700012207031,True,True,4.228538235460966,2026-10-07,EPACKPEB
bullish_ema_consolidation_breakout,299.20001220703125,273.7657276188567,256.8772460557667,202.3387586677948,14.7338630664366,283.45001220703125,True,True,44.66686085064979,2026-10-07,GANDHAR
bullish_ema_consolidation_breakout,172.4600067138672,164.8316032559111,161.75350430436853,160.48698534254117,6.805781731767024,168.38999938964844,True,True,13.955339557973012,2026-10-07,GPPL
bullish_ema_consolidation_breakout,130.05999755859375,117.6418462106422,116.46205384048072,116.20633378839385,15.891359318443646,123.31999969482422,True,True,9.11073900032655,2026-10-07,GPTINFRA
bullish_ema_consolidation_breakout,151.77000427246094,134.83430078820496,131.30094424538927,124.93590208416443,17.957894782286395,141.75,True,True,15.475928425907748,2026-10-07,JAMNAAUTO
bullish_ema_consolidation_breakout,440.0,416.9862231311053,409.7352880909939,400.96429709377827,8.158089864097427,426.8999938964844,True,True,16.27907164299982,2026-10-07,KOTAKBANK
bullish_ema_consolidation_breakout,191.3800048828125,186.5622507697198,180.31948434442828,144.68524475512234,12.727055914756837,193.0,True,True,40.51395680687089,2026-10-07,KRISHANA
bullish_ema_consolidation_breakout,465.45001220703125,377.031358410068,350.73942106267873,285.79293263782137,20.94043504481779,385.79998779296875,True,True,46.69083835916412,2026-10-07,LOKESHMACH
bullish_ema_consolidation_breakout,190.35000610351562,179.9460204546934,175.88671919403916,168.3753399557411,14.469141361114291,189.0,True,True,12.753227014111257,2026-10-07,LXCHEM
bullish_ema_consolidation_breakout,168.02000427246094,164.9844556037122,158.84005553758598,125.94574535875003,12.053099301060033,170.5,True,True,35.50000344553301,2026-10-07,MBAPL
bullish_ema_consolidation_breakout,1067.9000244140625,1017.2297652627278,989.5465624764479,908.2645381514262,10.002071446343871,1060.199951171875,True,True,10.382966658698557,2026-10-07,MOTILALOFS
bullish_ema_consolidation_breakout,378.45001220703125,375.21226644407795,359.00633841376464,311.12449574801053,13.165509026748005,391.1000061035156,True,True,24.510609313368082,2026-10-07,NAZARA
bullish_ema_consolidation_breakout,537.0,486.7959489121379,473.2480005721199,396.7303819967835,15.600318861008693,505.0,True,True,26.442190855936488,2026-10-07,PANAMAPET
bullish_ema_consolidation_breakout,311.79998779296875,272.9929883414829,255.80821171168628,240.2175865571433,17.31912924260174,286.20001220703125,True,True,39.20263411149592,2026-10-07,PARAGMILK
bullish_ema_consolidation_breakout,297.0,288.5809270319277,286.2116520459873,283.4211724462334,5.660377358490567,294.0,True,True,7.589209611827008,2026-10-07,PETRONET
bullish_ema_consolidation_breakout,516.5999755859375,487.72384915848494,460.8120438366281,377.76891478147434,22.222228676359006,513.7000122070312,True,True,36.234166391294885,2026-10-07,PRECWIRE
bullish_ema_consolidation_breakout,637.4000244140625,581.9002657490317,533.815836312232,431.2231555741361,19.37612331810831,597.0,True,True,52.051528113808445,2026-10-07,RAMRAT
bullish_ema_consolidation_breakout,336.45001220703125,319.73019585732453,283.14829205809644,210.50631079579586,24.90915143615583,343.75,True,True,91.17563594831519,2026-10-07,RATNAVEER
bullish_ema_consolidation_breakout,939.7000122070312,889.605028151675,840.9967643679767,639.9944165670769,22.22222222222222,935.0,True,True,20.83065416705614,2026-10-07,RPTECH
bullish_ema_consolidation_breakout,802.0999755859375,743.008292127815,686.8314139916896,514.1729317621949,21.497529994700802,774.0,True,True,36.56252812231182,2026-10-07,SHREEJISPG
bullish_ema_consolidation_breakout,876.9500122070312,814.2780570852268,769.8647935419484,579.1778386054341,16.227832497548604,851.9500122070312,True,True,39.242621340810025,2026-10-07,SKYGOLD
bullish_ema_consolidation_breakout,821.0999755859375,773.0759376874066,730.3591446366493,579.6800037653278,20.227939381318937,817.5499877929688,True,True,39.85692552047262,2026-10-07,TDPOWERSYS
bullish_ema_consolidation_breakout,152.24000549316406,140.40824340353294,129.7528287713258,95.48325963591412,11.712937773339302,148.5,True,True,81.67064433056798,2026-10-07,TFCILTD
bullish_ema_consolidation_breakout,602.4500122070312,556.4549815708505,535.3030897453046,477.6481156122523,12.793522411670603,578.7999877929688,True,True,20.201515868714015,2026-10-07,THELEELA
bullish_ema_consolidation_breakout,235.86000061035156,222.63949068272805,203.13323569869115,164.15596178830276,19.059787242420214,233.0,True,True,42.17855294360153,2026-10-07,WELSPUNLIV
